Common name,Scientific name,Expansion,Color,PowerCategory,Power text,Predator,Flocking,Bonus card,Victory points,Nest type,Egg capacity,Wingspan,Forest,Grassland,Wetland,Invertebrate,Seed,Fish,Fruit,Rodent,Nectar,Wild (food),/ (food cost),* (food cost),Total food cost,Anatomist,Cartographer,Historian,Photographer,Backyard Birder,Bird Bander,Bird Counter,Bird Feeder,Diet Specialist,Enclosure Builder,Falconer,Fishery Manager,Food Web Expert,Forester,Large Bird Specialist,Nest Box Builder,Omnivore Expert,Passerine Specialist,Platform Builder,Prairie Manager,Rodentologist,Viticulturalist,Wetland Scientist,Wildlife Gardener,Caprimulgiform Specialist,Small Clutch Specialist,Endangered Species Protector,Beak Pointing Left,Beak Pointing Right,Note,id,additionalRulings/0/text,additionalRulings/0/source,additionalRulings/1/text,additionalRulings/1/source,rulings/0/text,rulings/0/source,additionalRulings/2/text,additionalRulings/2/source,additionalRulings/3/text,additionalRulings/3/source,additionalRulings/4/text,additionalRulings/4/source,rulings/1/text,rulings/1/source,rulings/2/text,rulings/2/source,additionalRulings/5/text,additionalRulings/5/source,additionalRulings/6/text,additionalRulings/6/source,rulings/3/text,rulings/3/source
Abbott's Booby,Papasula abbotti,oceania,White,,"Draw 3 bonus cards, then discard 2. You may discard bonus cards you did not draw this turn.",,,X,5,Platform,1,190,,,X,,,2,,,,,,,2,,,X,,,,,,,,,X,,,X,,,,X,,,,X,,,X,X,X,,"This temporarily adds 3 bonus cards to your hand of bonus cards, then from that hand you discard any 2 bonus cards.",263,"Whenever you are entitled to gain resources, you may choose to take some but not all of the quantity specified.",https://www.stonemaiergames.com/games/wingspan/rules/#comment-37710,,,,,,,,,,,,,,,,,,,,
Acorn Woodpecker,Melanerpes formicivorus,originalcore,Brown,Caching Food,Gain 1 [seed] from the birdfeeder (if available). You may cache it on this card.,,,,5,Cavity,4,46,X,,,,3,,,,,,,,3,,,,,,,,X,X,,,,,X,,X,,,,,,,,,,,,X,,"The birds with these powers are known for caching extra food and saving it for later. As noted on these cards, you can cache exactly 1 food token when their power is activated by placing it on a bird card. Once a food token is cached on a bird card, you cannot spend it. Each token on the card at the end of the game is worth 1 point. If the same dice are showing in the birdfeeder, you may reroll to see if you meet the condition of the bird. If you run out of food tokens, you can cache cards instead.",2,Regular reroll rules apply whenever you have the opportunity to gain food from the birdfeeder.,https://www.stonemaiergames.com/games/wingspan/rules/,"Whenever you are entitled to gain resources, you may choose to take some but not all of the quantity specified.",https://www.stonemaiergames.com/games/wingspan/rules/#comment-37710,,,,,,,,,,,,,,,,,,
American Avocet,Recurvirostra americana,originalcore,Pink,Egg-laying,"When another player takes the ""lay eggs"" action, this bird lays 1 [egg] on another bird with a [ground] nest.",,,,6,Ground,2,79,,,X,2,1,,,,,,,,3,,X,,,,,,X,X,X,,,,,X,,,,,,,,X,,,X,,X,,"These birds are all nest parasites in the wild: they lay eggs in other birds’ nests. Cowbirds don’t even build their own nests. <br>When another player uses the [grassland] action to lay eggs, you may lay 1 egg. You may do this only once between your turns, no matter how many other players lay eggs. The cowbird can lay eggs on star nests.",3,You may use a pink power during another player's turn after your last turn of the game.,https://www.boardgamegeek.com/thread/2145421/article/31177235#31177235,"You may activate each <i>""once between turns""</i> power on a bird on your player mat once between each of your turns.",https://www.facebook.com/groups/wingspanboardgame/permalink/312352352801707/?comment_id=312354036134872&reply_comment_id=312437246126551,You may not use this bird's power to lay an [egg] on another player's bird.,https://www.boardgamegeek.com/thread/2146296/article/33747572#33747572,You may not use a pink power during your turn (when an opponent performs an action that would otherwise enable using such a power).,https://www.facebook.com/groups/wingspanboardgame/permalink/499161054120835/?comment_id=499167897453484,"If a pink power is triggered by a player using the <i>""gain food""</i>, <i>""lay eggs""</i>, or <i>""draw bird cards""</i> action, the pink power is resolved after the player collects the resources indicated on the player mat but before any brown powers in the corresponding row are activated. If a pink power is triggered by another bird's power, the pink power is resolved after the other bird's power has been resolved.",https://www.boardgamegeek.com/thread/2397920/article/34412077#34412077,"Whenever you are entitled to gain resources, you may choose to take some but not all of the quantity specified.",https://www.stonemaiergames.com/games/wingspan/rules/#comment-37710,,,,,,,,,,
American Bittern,Botaurus lentiginosus,originalcore,Brown,Card-drawing,Player(s) with the fewest [wetland] birds: draw 1 [card].,,,,7,Platform,2,107,,,X,1,,1,,1,,,,,3,,X,,,,,,,X,,,X,,,X,,,,X,,X,,X,,,X,,,X,"If players are tied for the fewest birds currently in the wetland habitat, all draw a card, starting with you and proceeding clockwise. All may draw from the deck or the face-up cards.",4,"Whenever you are entitled to gain resources, you may choose to take some but not all of the quantity specified.",https://www.stonemaiergames.com/games/wingspan/rules/#comment-37710,,,,,,,,,,,,,,,,,,,,
American Coot,Fulica americana,originalcore,Brown,Flocking,"Tuck a [card] from your hand behind this bird. If you do, draw 1 [card].",,X,,3,Platform,5,61,,,X,,1,,,,,1,,,2,,X,,,X,,X,X,,,,,,,,,X,,X,,,,X,,,,,,X,"These birds all allow you to tuck a card from your hand for a point, then gain some additional benefit (lay an egg, draw a card, or gain a food). You can only gain the benefit if you first tuck a card from your hand.",5,"Whenever you are entitled to gain resources, you may choose to take some but not all of the quantity specified.",https://www.stonemaiergames.com/games/wingspan/rules/#comment-37710,,,,,,,,,,,,,,,,,,,,
American Crow,Corvus brachyrhynchos,originalcore,Brown,Food from Supply,Discard 1 [egg] from any of your other birds to gain 1 [wild] from the supply.,,,,4,Platform,2,99,X,X,X,,,,,,,1,,,1,,X,,,,X,,,,,,,,,X,,X,,X,,,,,,,X,,,X,These birds are all known for eating eggs from other birds’ nests. You must have laid an egg on another bird before you can use these powers. Discard the egg to the supply.,6,"<i>""Discarding""</i> food while resolving a bird power counts as <i>""spending""</i>.",https://www.discord.com/channels/608588053052653580/693358238439047229/778341560205967380,You may only reroll dice when gaining food from the birdfeeder and not when gaining food from the supply.,https://www.boardgamegeek.com/thread/2208584/article/32288825#32288825,,,"Whenever you are entitled to gain resources, you may choose to take some but not all of the quantity specified.",https://www.stonemaiergames.com/games/wingspan/rules/#comment-37710,,,,,,,,,,,,,,
American Goldfinch,Spinus tristis,originalcore,White,Food from Supply,Gain 3 [seed] from the supply.,,,,3,Bowl,3,23,,X,,,2,,,,,,,,2,,X,,X,X,,,X,,,,,,,,,,X,,X,,,,X,,,,,X,,7,You may only reroll dice when gaining food from the birdfeeder and not when gaining food from the supply.,https://www.boardgamegeek.com/thread/2208584/article/32288825#32288825,"Whenever you are entitled to gain resources, you may choose to take some but not all of the quantity specified.",https://www.stonemaiergames.com/games/wingspan/rules/#comment-37710,,,,,,,,,,,,,,,,,,
American Kestrel,Falco sparverius,originalcore,Brown,Hunting/Fishing,"Roll all dice not in birdfeeder. If any are [rodent], gain 1 [rodent] and cache it on this card.",X,,,5,Cavity,3,56,,X,,1,,,,1,,,,,2,,X,,,,,,,,,X,,,,,X,,,,X,X,,,,,,,X,,"Birds that eat rodents or fish roll all dice that are not in the birdfeeder. (Note that you will never roll more than 4 dice, because when all 5 dice are out of the birdfeeder it must reset immediately.) Roll dice on the table; they do not go back into the birdfeeder. If one or more dice show the specified type, take at most 1 token of that type from the supply and cache it on your card (see “Caching food”). Each token on a bird card is worth 1 point at the end of the game.",8,"Whenever you are entitled to gain resources, you may choose to take some but not all of the quantity specified.",https://www.stonemaiergames.com/games/wingspan/rules/#comment-37710,,,,,,,,,,,,,,,,,,,,
American Oystercatcher,Haematopus palliatus,originalcore,White,Card-drawing,"Draw [card] equal to the number of players +1. Starting with you and proceeding clockwise, each player selects 1 of those cards and places it in their hand. You keep the extra card.",,,,5,Ground,2,81,,,X,2,,,,,,,,,2,,X,,,,,,,,X,,,X,,X,,,,,,,,X,,,X,,,X,"Draw the cards from the deck so that you have a set with one more card than there are players. Each player chooses one card from this set, starting with you and passing to the left. When everyone has chosen a card, you keep the extra card.",9,"If information printed on a card conflicts with the card's appendix entry, the information on the card takes precedence. (See <strong applink=""/card/9"">American Oystercatcher</strong>, <strong applink=""/card/27"">Belted Kingfisher</strong>, and <strong applink=""/card/104"">Eastern Kingbird</strong>.)",https://www.facebook.com/groups/wingspanboardgame/?post_id=592581981445408&comment_id=592771208093152,"Whenever you are entitled to gain resources, you may choose to take some but not all of the quantity specified.",https://www.stonemaiergames.com/games/wingspan/rules/#comment-37710,"When using this bird's power in a game against the Automa, draw 3 [card], keep 2 of them, and discard the other.",https://www.stonemaiergames.com/games/wingspan/rules/#comment-31504,,,,,,,"When using this bird's power, you may take the drawn cards from the deck and/or from the bird tray, despite this bird's entry in the Appendix.",https://www.boardgamegeek.com/thread/2449964/article/35131047#35131047,"When using this bird's power, you must draw all X+1 cards as instructed, since some of them are allocated to other players.",https://www.facebook.com/groups/wingspanboardgame/permalink/649739262396346/,,,,,,
American Redstart,Setophaga ruticilla,swiftstart,Brown,,Gain 1 [wild] from the birdfeeder.,,,,4,Bowl,2,20,X,,,1,,,1,,,,,,2,,X,,X,,,,,,,,,,X,,,,X,,,,X,,X,,X,,,X,,10,Regular reroll rules apply whenever you have the opportunity to gain food from the birdfeeder.,https://www.stonemaiergames.com/games/wingspan/rules/,"Whenever you are entitled to gain resources, you may choose to take some but not all of the quantity specified.",https://www.stonemaiergames.com/games/wingspan/rules/#comment-37710,"This bird's power lets you take 1 food from the birdfeeder, as if [wild] were replaced by [die] in the power text.",https://www.facebook.com/groups/wingspanboardgame/permalink/447732882596986/?comment_id=447733369263604,,,,,,,"This bird does not count toward the <strong applink=""/card/1000"">Anatomist</strong> bonus card.",https://www.facebook.com/groups/wingspanboardgame/permalink/453193798717561/?comment_id=453409608695980&reply_comment_id=455637778473163,,,,,,,,
American Robin,Turdus migratorius,originalcore,Brown,Flocking,"Tuck a [card] from your hand behind this bird. If you do, draw 1 [card].",,X,,1,Bowl,4,43,X,X,,1,,,1,,,,X,,1,,X,,,X,X,X,,,,,,,,,,,,,,,X,,X,,,,,X,"These birds all allow you to tuck a card from your hand for a point, then gain some additional benefit (lay an egg, draw a card, or gain a food). You can only gain the benefit if you first tuck a card from your hand.",11,"Whenever you are entitled to gain resources, you may choose to take some but not all of the quantity specified.",https://www.stonemaiergames.com/games/wingspan/rules/#comment-37710,,,,,,,,,,,,,,,,,,,,
American White Pelican,Pelecanus erythrorhynchos,originalcore,Brown,Flocking,Discard a [fish] to tuck 2 [card] from the deck behind this bird.,,X,,5,Ground,1,274,,,X,,,2,,,,,,,2,,X,,X,,,X,,,X,,X,,,X,,,,,,,,X,,,X,,,X,These powers allow you to discard a specific type of food to take 2 cards from the deck and tuck them behind the bird. You must have the food in your personal supply; you cannot take it from a bird card.,12,"<i>""Discarding""</i> food while resolving a bird power counts as <i>""spending""</i>.",https://www.discord.com/channels/608588053052653580/693358238439047229/778341560205967380,,,,,,,,,,,,,,,,,,,,
American Woodcock,Scolopax minor,originalcore,,,,,,,9,Ground,2,46,X,X,,2,1,,,,,,,,3,,X,,,,X,,X,X,X,,,,,,,,,,,,,,,,X,,X,,,13,,,,,,,,,,,,,,,,,,,,,,
Anhinga,Anhinga anhinga,originalcore,Brown,Hunting/Fishing,"Roll all dice not in birdfeeder. If any are [fish], gain 1 [fish] and cache it on this card.",X,,,6,Platform,2,114,,,X,,,2,,,,,,,2,,,,,,,,,,,X,X,,,X,,,,X,,,,X,,,X,,X,,"Birds that eat rodents or fish roll all dice that are not in the birdfeeder. (Note that you will never roll more than 4 dice, because when all 5 dice are out of the birdfeeder it must reset immediately.) Roll dice on the table; they do not go back into the birdfeeder. If one or more dice show the specified type, take at most 1 token of that type from the supply and cache it on your card (see “Caching food”). Each token on a bird card is worth 1 point at the end of the game.",14,"Whenever you are entitled to gain resources, you may choose to take some but not all of the quantity specified.",https://www.stonemaiergames.com/games/wingspan/rules/#comment-37710,,,,,,,,,,,,,,,,,,,,
Anna's Hummingbird,Calypte anna,originalcore,Brown,Food from Birdfeeder,"Each player gains 1 [die] from the birdfeeder, starting with the player of your choice.",,,,4,Bowl,2,13,X,X,X,,,,,,,1,,,1,,,X,,,X,,,,,,,,,,,X,X,,,,,,X,X,X,,X,,"The hummingbird’s owner decides which person gains the first food, and then players gain food in turn order. Players may reset the birdfeeder if it is empty or if all dice are showing the same face.",15,Regular reroll rules apply whenever you have the opportunity to gain food from the birdfeeder.,https://www.stonemaiergames.com/games/wingspan/rules/,"Whenever you are entitled to gain resources, you may choose to take some but not all of the quantity specified.",https://www.stonemaiergames.com/games/wingspan/rules/#comment-37710,,,,,,,,,,,,,,,,,,
Ash-Throated Flycatcher,Myiarchus cinerascens,originalcore,White,Egg-laying,Lay 1 [egg] on each of your birds with a [cavity] nest.,,,,4,Cavity,4,30,,X,,2,,,1,,,,,,3,X,,,X,,,,,X,,,,,,,X,,X,,X,,X,,,,,,,X,"This power allows you to lay eggs on all of your birds that have a specific nest symbol (and all birds with a star nest symbol), including the newly played bird.",16,"Whenever you are entitled to gain resources, you may choose to take some but not all of the quantity specified.",https://www.stonemaiergames.com/games/wingspan/rules/#comment-37710,,,,,,,,,,,,,,,,,,,,
Asian Emerald Dove,Chalcophaps indica,asia,White,,Lay 2 [egg] on each other bird in this column.,,,,6,Platform,2,44,X,X,,,1,,2,,,,,,3,,X,,X,,,,X,X,,,,,,,,,,X,,,X,,,,X,,X,,,358,"Whenever you are entitled to gain resources, you may choose to take some but not all of the quantity specified.",https://www.stonemaiergames.com/games/wingspan/rules/#comment-37710,,,,,,,,,,,,,,,,,,,,
Asian Koel,Eudynamys scolopaceus,asia,Pink,,"When another player takes the ""lay eggs"" action, this bird lays 1 [egg] on another bird with a [platform] nest. You may go 3 over its egg limit while using this power.",,,,4,None,0,62,X,X,X,1,,,1,,,,,,2,,X,,,,X,,,,,,,,,,,,,,,,X,,,,X,,,X,"Going over the egg limit: When you activate this bird, you may use it to lay an egg on a bird that already is at or over its egg limit, as described. This power does not affect any other actions in the game—the egg limit still applies to them. A bird holding eggs in excess of its egg limit still qualifies for the Avian Theriogenologist bonus card. Birds that have no nest symbol and no egg limit still do not qualify to receive eggs from this bird.",359,You may use a pink power during another player's turn after your last turn of the game.,https://www.boardgamegeek.com/thread/2145421/article/31177235#31177235,"You may activate each <i>""once between turns""</i> power on a bird on your player mat once between each of your turns.",https://www.facebook.com/groups/wingspanboardgame/permalink/312352352801707/?comment_id=312354036134872&reply_comment_id=312437246126551,,,You may not use a pink power during your turn (when an opponent performs an action that would otherwise enable using such a power).,https://www.facebook.com/groups/wingspanboardgame/permalink/499161054120835/?comment_id=499167897453484,"If a pink power is triggered by a player using the <i>""gain food""</i>, <i>""lay eggs""</i>, or <i>""draw bird cards""</i> action, the pink power is resolved after the player collects the resources indicated on the player mat but before any brown powers in the corresponding row are activated. If a pink power is triggered by another bird's power, the pink power is resolved after the other bird's power has been resolved.",https://www.boardgamegeek.com/thread/2397920/article/34412077#34412077,"Whenever you are entitled to gain resources, you may choose to take some but not all of the quantity specified.",https://www.stonemaiergames.com/games/wingspan/rules/#comment-37710,,,,,,,,,,
Atlantic Puffin,Fratercula arctica,originalcore,White,Other,Draw 2 new bonus cards and keep 1.,,,X,8,Wild,1,53,,,X,,,3,,,,,,,3,,X,,,,,,,X,X,,X,,,,X,,,X,,,,X,X,,X,X,,X,"Draw two goal cards, pick the one you want to keep, and discard the other. If the deck of goal cards is ever exhausted, shuffle the discards to form a new face-down deck. <br>The birds with this power are all threatened or endangered, or conservationists are concerned that they soon will be because of a declining trend in their population.",17,"Whenever you are entitled to gain resources, you may choose to take some but not all of the quantity specified.",https://www.stonemaiergames.com/games/wingspan/rules/#comment-37710,,,,,,,,,,,,,,,,,,,,
Audouin's Gull,Ichthyaetus audouinii,european,Brown,Flocking,Draw 2 [card] from the deck. Tuck 1 behind this bird and keep the other.,,X,,1,Ground,2,132,,,X,,,1,,,,1,,,2,,,X,,X,,X,,,X,,X,,,X,,X,,,,,,X,,,X,,,X,,18,"Whenever you are entitled to gain resources, you may choose to take some but not all of the quantity specified.",https://www.stonemaiergames.com/games/wingspan/rules/#comment-37710,,,,,,,,,,,,,,,,,,,,
Australasian Pipit,Anthus novaeseelandiae,oceania,Yellow,Flocking,"Tuck 1 [card] from the deck behind each bird in your [grassland], including this one.",,X,,3,Ground,4,31,,X,,1,1,,,,,,,,2,,X,,,X,,X,X,,X,,,,,,,,,,X,,,,,,,,,X,,264,,,,,,,,,,,,,,,,,,,,,,
Australasian Shoveler,Spatula rhynchotis,oceania,Brown,Egg-laying,Choose 1 other player. You both draw 1 [card] from the deck.,,,,4,Ground,4,75,,,X,1,1,,,,,,,,2,,X,,,,,,X,,X,,,,,X,,,,,,,,X,,,,,X,,,265,"Whenever you are entitled to gain resources, you may choose to take some but not all of the quantity specified.",https://www.stonemaiergames.com/games/wingspan/rules/#comment-37710,,,,,,,,,,,,,,,,,,,,
Australian Ibis,Threskiornis moluccus,oceania,Brown,Card-drawing,"Shuffle the discard pile, then draw 2 [card] from it. Choose 1 and tuck it behind this bird or add it to your hand. Discard the other.",,X,,5,Platform,2,118,,X,X,1,,1,,,,1,,,3,,X,,,,X,X,,X,,,X,,,X,,X,,X,,,,,,,X,,,X,"The discard pile remains separate from the bird deck, even after you shuffle and draw from it.",266,"Whenever you are entitled to gain resources, you may choose to take some but not all of the quantity specified.",https://www.stonemaiergames.com/games/wingspan/rules/#comment-37710,,,,,,,,,,,,,,,,,,,,
Australian Magpie,Gymnorhina tibicen,oceania,Yellow,Food-related,"Discard 1 [egg] from each bird in this row and column that has an [egg] on it, excluding this bird. For each discarded [egg], cache 2 [seed] from the supply on this bird.",,,,4,Platform,2,75,,X,,1,,,,2,,,,,3,,X,,,,,,,X,,,,,,X,,,,X,X,X,,,,,X,,,X,,267,"<i>""Discarding""</i> food while resolving a bird power counts as <i>""spending""</i>.",https://www.discord.com/channels/608588053052653580/693358238439047229/778341560205967380,,,,,,,,,,,,,,,,,,,,
Australian Owlet-Nightjar,Aegotheles cristatus,oceania,Pink,Food-related,"When another player takes the ""gain food"" action, gain 1 [invertebrate] from the birdfeeder, if there is one, at the end of their turn.",,,,2,Cavity,2,28,X,X,X,1,,,,1,,,X,,1,,X,,,X,X,,,,,,,,,,X,,X,,,X,,,,X,X,,,,,268,You may use a pink power during another player's turn after your last turn of the game.,https://www.boardgamegeek.com/thread/2145421/article/31177235#31177235,"You may activate each <i>""once between turns""</i> power on a bird on your player mat once between each of your turns.",https://www.facebook.com/groups/wingspanboardgame/permalink/312352352801707/?comment_id=312354036134872&reply_comment_id=312437246126551,,,You may not use a pink power during your turn (when an opponent performs an action that would otherwise enable using such a power).,https://www.facebook.com/groups/wingspanboardgame/permalink/499161054120835/?comment_id=499167897453484,"If a pink power is triggered by a player using the <i>""gain food""</i>, <i>""lay eggs""</i>, or <i>""draw bird cards""</i> action, the pink power is resolved after the player collects the resources indicated on the player mat but before any brown powers in the corresponding row are activated. If a pink power is triggered by another bird's power, the pink power is resolved after the other bird's power has been resolved.",https://www.boardgamegeek.com/thread/2397920/article/34412077#34412077,Regular reroll rules apply whenever you have the opportunity to gain food from the birdfeeder.,https://www.stonemaiergames.com/games/wingspan/rules/,,,,,"Whenever you are entitled to gain resources, you may choose to take some but not all of the quantity specified.",https://www.stonemaiergames.com/games/wingspan/rules/#comment-37710,,,,
Australian Raven,Corvus coronoides,oceania,Yellow,Flocking,Cache up to 5 [wild] from your supply on this bird.,,,,7,Platform,3,100,X,X,X,1,,,,1,,1,,,3,,X,,,,X,,,X,,,,,,X,,X,,X,,X,,,,,,,,X,,269,,,,,,,,,,,,,,,,,,,,,,
Australian Reed Warbler,Acrocephalus australis,oceania,White,,Play another bird in your [wetland]. Pay its normal cost with a 1 [egg] discount.,,,,2,Bowl,3,21,,,X,1,,,,,,,,,1,,X,,,X,,,,,,,,X,,,,,X,,,,,X,X,,,,X,,,270,"You may substitute 2 [wild] for any 1 food in a bird's food cost whenever you play a bird, including outside the scope of the <i>""play a bird""</i> action.",https://www.facebook.com/groups/wingspanboardgame/?post_id=592455651458041&comment_id=592685648101708&reply_comment_id=592771751426431,,,,,,,,,,,,,,,,,,,,
Australian Shelduck,Tadorna tadornoides,oceania,Brown,Other,Draw 1 face-up [card] from the tray with a [cavity] or [star] nest. You may reset or refill the tray before doing so.,,,,3,Cavity,4,113,,,X,1,1,,,,,,,,2,,X,,,X,,,X,,,,,,,X,X,,,,,,,X,,,,,X,,"Before drawing a face-up card with the nest type shown, you may:<ul><li>reset the tray (discard all face-up cards and put out 3 new face-up cards), or</li><li>refill the tray (place new cards from the deck in any empty slots), or</li><li>leave the tray as-is.</li></ul>",271,"Whenever you are entitled to gain resources, you may choose to take some but not all of the quantity specified.",https://www.stonemaiergames.com/games/wingspan/rules/#comment-37710,,,,,,,,,,,,,,,,,,,,
Australian Zebra Finch,Taeniopygia castanotis,oceania,Brown,Other,"If the player to your right has a [seed] in their personal supply, tuck a [card] from the deck behind this bird.",,,,1,Wild,3,22,,X,,,1,,,,,,,,1,,X,,,X,,,X,,X,,,,,,X,,X,X,X,,,,X,,,,,X,,272,,,,,,,,,,,,,,,,,,,,,,
Azure Tit,Cyanistes cyanus,asia,Brown,,"Gain 1 [invertebrate], [seed], or [fruit] from the supply.",,,,2,Cavity,4,22,X,,,1,1,,,,,,,,2,,,,X,X,,,X,,,,,,X,,X,,X,,,,,,,,,,,X,,360,You may only reroll dice when gaining food from the birdfeeder and not when gaining food from the supply.,https://www.boardgamegeek.com/thread/2208584/article/32288825#32288825,"Whenever you are entitled to gain resources, you may choose to take some but not all of the quantity specified.",https://www.stonemaiergames.com/games/wingspan/rules/#comment-37710,,,,,,,,,,,,,,,,,,
Baird's Sparrow,Ammodramus bairdii,originalcore,Brown,Egg-laying,Lay 1 [egg] on any bird.,,,,3,Ground,2,23,,X,,1,1,,,,,,,,2,,,X,,X,,,X,,X,,,,,,,,X,,X,,,,,,X,,,X,,19,"Whenever you are entitled to gain resources, you may choose to take some but not all of the quantity specified.",https://www.stonemaiergames.com/games/wingspan/rules/#comment-37710,,,,,,,,,,,,,,,,,,,,
Bald Eagle,Haliaeetus leucocephalus,originalcore,White,Food from Birdfeeder,Gain all [fish] that are in the birdfeeder.,,,,9,Platform,1,203,,,X,,,2,,1,,,,,3,,,,,,,,,X,,,X,,,X,,,,X,,X,,X,,,X,,X,,,20,Regular reroll rules apply whenever you have the opportunity to gain food from the birdfeeder.,https://www.stonemaiergames.com/games/wingspan/rules/,"Whenever you are entitled to gain resources, you may choose to take some but not all of the quantity specified.",https://www.stonemaiergames.com/games/wingspan/rules/#comment-37710,,,,,,,,,,,,,,,,,,
Baltimore Oriole,Icterus galbula,originalcore,Brown,Food from Supply,All players gain 1 [fruit] from the supply.,,,,9,Wild,2,30,X,,,1,,,2,,,,,,3,,X,,,,,,,X,X,,,,X,,X,,X,X,,,X,,X,,X,,X,,,21,You may only reroll dice when gaining food from the birdfeeder and not when gaining food from the supply.,https://www.boardgamegeek.com/thread/2208584/article/32288825#32288825,"Whenever you are entitled to gain resources, you may choose to take some but not all of the quantity specified.",https://www.stonemaiergames.com/games/wingspan/rules/#comment-37710,,,,,,,,,,,,,,,,,,
Barn Owl,Tyto alba,originalcore,Brown,Hunting/Fishing,"Roll all dice not in birdfeeder. If any are [rodent], gain 1 [rodent] and cache it on this card.",X,,,5,Cavity,4,107,X,X,X,,,,,2,,,,,2,,,,,,X,,,,,X,,,,X,X,,,,,X,,,,,,,,,"Birds that eat rodents or fish roll all dice that are not in the birdfeeder. (Note that you will never roll more than 4 dice, because when all 5 dice are out of the birdfeeder it must reset immediately.) Roll dice on the table; they do not go back into the birdfeeder. If one or more dice show the specified type, take at most 1 token of that type from the supply and cache it on your card (see “Caching food”). Each token on a bird card is worth 1 point at the end of the game.",22,"Whenever you are entitled to gain resources, you may choose to take some but not all of the quantity specified.",https://www.stonemaiergames.com/games/wingspan/rules/#comment-37710,,,,,,,,,,,,,,,,,,,,
Barn Swallow,Hirundo rustica,originalcore,Brown,Flocking,"Tuck a [card] from your hand behind this bird. If you do, draw 1 [card].",,X,,1,Wild,3,38,,X,X,1,,,,,,,,,1,,,,,X,X,X,,,X,,,X,,,X,,,X,,,,,X,,,,,X,"These birds all allow you to tuck a card from your hand for a point, then gain some additional benefit (lay an egg, draw a card, or gain a food). You can only gain the benefit if you first tuck a card from your hand.",23,"Whenever you are entitled to gain resources, you may choose to take some but not all of the quantity specified.",https://www.stonemaiergames.com/games/wingspan/rules/#comment-37710,,,,,,,,,,,,,,,,,,,,
Barred Owl,Strix varia,originalcore,Brown,Hunting/Fishing,"Look at a [card] from the deck. If <75cm, tuck it behind this bird. If not, discard it.",X,,,3,Cavity,2,107,X,,,,,,,1,,,,,1,,,,,X,,,,,,X,,,X,X,X,,,,,X,,,,,X,,,,"These birds eat other birds. Look at the wingspan of the top card of the deck and compare it to their hunting power. <br>If the wingspan of the top card in the deck is less than the bird’s hunting power, tuck that card to signify that your predator hunted successfully. Each tucked card is worth 1 point at the end of the game. <br>If the wingspan of the top card is equal to or larger than your predator’s power, discard the card instead.",24,,,,,"This bird does not count toward the <strong applink=""/card/1023"">Photographer</strong> bonus card.",https://www.stonemaiergames.com/games/wingspan/rules/#comment-31995,,,,,,,,,,,,,,,,
Barrow's Goldeneye,Bucephala islandica,originalcore,Pink,Egg-laying,"When another player takes the ""lay eggs"" action, this bird lays 1 [egg] on another bird with a [cavity] nest.",,,,5,Cavity,4,71,,,X,1,1,1,,,,,,,3,X,,X,X,,,,X,X,,,X,,,X,X,,,,,,,X,,,,,X,,"These birds are all nest parasites in the wild: they lay eggs in other birds’ nests. Cowbirds don’t even build their own nests. <br>When another player uses the [grassland] action to lay eggs, you may lay 1 egg. You may do this only once between your turns, no matter how many other players lay eggs. The cowbird can lay eggs on star nests.",25,You may use a pink power during another player's turn after your last turn of the game.,https://www.boardgamegeek.com/thread/2145421/article/31177235#31177235,"You may activate each <i>""once between turns""</i> power on a bird on your player mat once between each of your turns.",https://www.facebook.com/groups/wingspanboardgame/permalink/312352352801707/?comment_id=312354036134872&reply_comment_id=312437246126551,"This bird counts toward the <strong applink=""/card/1023"">Photographer</strong> bonus card.",https://www.boardgamegeek.com/thread/2246435/article/32571727#32571727,You may not use a pink power during your turn (when an opponent performs an action that would otherwise enable using such a power).,https://www.facebook.com/groups/wingspanboardgame/permalink/499161054120835/?comment_id=499167897453484,"If a pink power is triggered by a player using the <i>""gain food""</i>, <i>""lay eggs""</i>, or <i>""draw bird cards""</i> action, the pink power is resolved after the player collects the resources indicated on the player mat but before any brown powers in the corresponding row are activated. If a pink power is triggered by another bird's power, the pink power is resolved after the other bird's power has been resolved.",https://www.boardgamegeek.com/thread/2397920/article/34412077#34412077,"Whenever you are entitled to gain resources, you may choose to take some but not all of the quantity specified.",https://www.stonemaiergames.com/games/wingspan/rules/#comment-37710,You may not use this bird's power to lay an [egg] on another player's bird.,https://www.boardgamegeek.com/thread/2146296/article/33747572#33747572,,,,,,,,
Baya Weaver,Ploceus philippinus,asia,Brown,,"Tuck up to 3 [card] from your hand behind this bird. If you tuck at least 1 [card], lay 1 [egg] on this bird.",,X,,3,Wild,3,27,,X,X,1,2,,,,,,,,3,,,,,X,X,X,X,X,X,,,,,,X,,X,X,,,,,X,,,,,X,,361,"Whenever you are entitled to gain resources, you may choose to take some but not all of the quantity specified.",https://www.stonemaiergames.com/games/wingspan/rules/#comment-37710,,,,,,,,,,,,,,,,,,,,
Bearded Reedling,Panurus biarmicus,asia,Teal,,"For each other bird in this column with an egg on it, lay 1 [egg] on this bird.",,,,2,Bowl,6,17,,,X,1,1,,,,,,,,2,,,,,X,,,X,,,,,,,,,,X,,,,,X,X,,,,,,,362,"Whenever you are entitled to gain resources, you may choose to take some but not all of the quantity specified.",https://www.stonemaiergames.com/games/wingspan/rules/#comment-37710,,,,,,,,,,,,,,,,,,,,
Bell's Vireo,Vireo bellii,originalcore,White,Other,Draw 2 new bonus cards and keep 1.,,,X,4,Wild,2,18,X,X,,2,,,,,,,,,2,,,X,,,X,,,,X,,,X,,,X,,X,X,,,,,X,,X,X,,X,"Draw two goal cards, pick the one you want to keep, and discard the other. If the deck of goal cards is ever exhausted, shuffle the discards to form a new face-down deck. <br>The birds with this power are all threatened or endangered, or conservationists are concerned that they soon will be because of a declining trend in their population.",26,"Whenever you are entitled to gain resources, you may choose to take some but not all of the quantity specified.",https://www.stonemaiergames.com/games/wingspan/rules/#comment-37710,,,,,,,,,,,,,,,,,,,,
Belted Kingfisher,Megaceryle alcyon,originalcore,Pink,Food from Supply,"When another player plays a [wetland] bird, gain 1 [fish] from the supply.",,,,4,Wild,4,53,,,X,,,1,,,,1,,,2,,,,,,,,,,X,,X,,,,X,X,,X,,,,X,X,,,,X,,Activate these powers when a player uses the “Play a bird” action to play a bird into the specific habitat. A bird that uses its power to move into the habitat does not trigger this power.,27,"If information printed on a card conflicts with the card's appendix entry, the information on the card takes precedence. (See <strong applink=""/card/9"">American Oystercatcher</strong>, <strong applink=""/card/27"">Belted Kingfisher</strong>, and <strong applink=""/card/104"">Eastern Kingbird</strong>.)",https://www.facebook.com/groups/wingspanboardgame/?post_id=592581981445408&comment_id=592771208093152,You may use a pink power during another player's turn after your last turn of the game.,https://www.boardgamegeek.com/thread/2145421/article/31177235#31177235,"This bird's power is triggered by another player playing a bird in their [wetland] during their turn, even when not using the <i>""play a bird""</i> card action to do so (instead using, e.g., the <strong applink=""/card/88"">Common Moorhen</strong>'s power), despite this bird's entry in the Appendix.",https://www.facebook.com/groups/wingspanboardgame/?post_id=592581981445408&comment_id=592771208093152,"You may activate each <i>""once between turns""</i> power on a bird on your player mat once between each of your turns.",https://www.facebook.com/groups/wingspanboardgame/permalink/312352352801707/?comment_id=312354036134872&reply_comment_id=312437246126551,You may not use a pink power during your turn (when an opponent performs an action that would otherwise enable using such a power).,https://www.facebook.com/groups/wingspanboardgame/permalink/499161054120835/?comment_id=499167897453484,"If a pink power is triggered by a player using the <i>""gain food""</i>, <i>""lay eggs""</i>, or <i>""draw bird cards""</i> action, the pink power is resolved after the player collects the resources indicated on the player mat but before any brown powers in the corresponding row are activated. If a pink power is triggered by another bird's power, the pink power is resolved after the other bird's power has been resolved.",https://www.boardgamegeek.com/thread/2397920/article/34412077#34412077,,,,,You may only reroll dice when gaining food from the birdfeeder and not when gaining food from the supply.,https://www.boardgamegeek.com/thread/2208584/article/32288825#32288825,"Whenever you are entitled to gain resources, you may choose to take some but not all of the quantity specified.",https://www.stonemaiergames.com/games/wingspan/rules/#comment-37710,,
Bewick's Wren,Thryomanes bewickii,originalcore,Brown,Other,"If this bird is to the right of all other birds in its habitat, move it to another habitat.",,,,4,Cavity,3,18,X,X,X,2,1,,,,,,,,3,,,X,,,X,,X,X,,,,,,,X,,X,,,,,,,,,,,X,"These birds are all able to live in a variety of habitats, and their power is to move from habitat to habitat—but only if they’re the last bird in that row. (They can be in any column.) This can be powerful for increasing your abilities in multiple habitats, and for scoring on end-of-round goals. Be careful not to play another bird to the right of one of these cards, or you won’t be able to use its power!",28,,,,,"When using this bird's power to move this bird to another habitat, the action cube does not change habitats with it.",https://www.stonemaiergames.com/games/wingspan/rules/,,,,,,,,,,,,,,,,
Black Drongo,Dicrurus macrocercus,asia,Brown,,"Discard any number of [card] from the tray, then refill it. If at least 1 of the discarded birds is a [grassland] bird, lay 1 [egg] on this bird.",,,,3,Bowl,3,27,,X,,1,,,,,,1,,,2,,,,X,X,,,,,,,,,,,,,X,,X,,,,X,,,,X,,"The discarded bird can have other habitat icons, but it must also have a grassland habitat to qualify for this power.",363,"<i>""Discarding""</i> food while resolving a bird power counts as <i>""spending""</i>.",https://www.discord.com/channels/608588053052653580/693358238439047229/778341560205967380,"Whenever you are entitled to gain resources, you may choose to take some but not all of the quantity specified.",https://www.stonemaiergames.com/games/wingspan/rules/#comment-37710,,,,,,,,,,,,,,,,,,
Black Noddy,Anous minutus,oceania,Brown,Other,"Reset the birdfeeder and gain all [fish], if there are any. You may discard any of these [fish] to tuck that many [card] from the deck behind this bird instead.",,X,,9,Platform,1,69,,,X,,,3,,,,,,,3,,,,X,,,X,,X,,,X,,,X,,,,X,,,,X,,,X,,X,,"Remove the dice from the birdfeeder when you gain the food, as you would normally.",273,"<i>""Discarding""</i> food while resolving a bird power counts as <i>""spending""</i>.",https://www.discord.com/channels/608588053052653580/693358238439047229/778341560205967380,"Whenever you are entitled to gain resources, you may choose to take some but not all of the quantity specified.",https://www.stonemaiergames.com/games/wingspan/rules/#comment-37710,,,,,,,,,,,,,,,,,,
Black Redstart,Phoenicurus ochruros,european,Teal,Egg-laying,Choose a habitat with no [egg]. Lay 1 [egg] on each bird in that habitat.,,,,0,Wild,4,24,,X,,1,1,,1,,,,,,3,,,,X,X,,,X,X,X,,,,,,X,,X,X,X,,X,,X,,,,,X,,29,"Whenever you are entitled to gain resources, you may choose to take some but not all of the quantity specified.",https://www.stonemaiergames.com/games/wingspan/rules/#comment-37710,,,"This bird does not count toward the <strong applink=""/card/1000"">Anatomist</strong> bonus card.",https://www.facebook.com/groups/wingspanboardgame/permalink/453193798717561/?comment_id=453409608695980&reply_comment_id=455637778473163,,,,,,,,,,,,,,,,
Black Skimmer,Rynchops niger,originalcore,Brown,Hunting/Fishing,"Roll all dice not in birdfeeder. If any are [fish], gain 1 [fish] and cache it on this card.",X,,,6,Ground,2,112,,,X,,,2,,,,,,,2,,,,X,,,,,,X,X,X,,,X,,,,,,,,X,,,X,,X,,"Birds that eat rodents or fish roll all dice that are not in the birdfeeder. (Note that you will never roll more than 4 dice, because when all 5 dice are out of the birdfeeder it must reset immediately.) Roll dice on the table; they do not go back into the birdfeeder. If one or more dice show the specified type, take at most 1 token of that type from the supply and cache it on your card (see “Caching food”). Each token on a bird card is worth 1 point at the end of the game.",30,"Whenever you are entitled to gain resources, you may choose to take some but not all of the quantity specified.",https://www.stonemaiergames.com/games/wingspan/rules/#comment-37710,,,,,,,,,,,,,,,,,,,,
Black Stork,Ciconia nigra,asia,Teal,,Lay 1 [egg] on each of the birds immediately to the left and right of this bird.,,,,3,Platform,2,155,X,,X,,,1,,1,,,,,2,,,,X,X,X,,,,,,X,,,X,,,,X,,X,,,,,X,,X,,,364,"Whenever you are entitled to gain resources, you may choose to take some but not all of the quantity specified.",https://www.stonemaiergames.com/games/wingspan/rules/#comment-37710,,,,,,,,,,,,,,,,,,,,
Black Swan,Cygnus atratus,oceania,Yellow,Other,"Lay 1 [egg] on each of your birds with a wingspan over 100cm, including this one.",,,,6,Ground,3,180,,,X,,1,,,,,2,,,3,,,,X,,,,X,X,X,,,,,X,,X,,,,,,X,,,,,,X,"Flightless birds count as wild for wingspan requirements, so eggs may be laid on them for each of these bird abilities, even though they are contradictory.<br><br>Eggs are laid after scoring the round-end goal for Round 4.",274,"Whenever you are entitled to gain resources, you may choose to take some but not all of the quantity specified.",https://www.stonemaiergames.com/games/wingspan/rules/#comment-37710,,,,,,,,,,,,,,,,,,,,
Black Tern,Chlidonias niger,originalcore,Brown,Card-drawing,"Draw 1 [card]. If you do, discard 1 [card] from your hand at the end of your turn.",,,,4,Wild,2,61,,,X,1,,1,,,,,X,,1,,,,X,,,,,,X,,X,,,,X,,,X,,,,X,X,,X,,,X,"This power adds cards to the wetland’s draw card(s) action, but it has a cost. The next player may start their turn while you are deciding which card(s) to discard.",31,"You may perform an action even if it precludes you from performing an action required at the end of your turn (e.g., discarding a [card] from your hand at the end of a turn in which you activated the <strong applink=""/card/31"">Black Tern</strong>'s power).",https://www.facebook.com/groups/wingspanboardgame/permalink/397335327636742/?comment_id=397350010968607,"If you perform more than one action <i>""at the end of your turn""</i>, you may perform those actions in any order.",https://www.facebook.com/groups/wingspanboardgame/permalink/414814145888860/?comment_id=415023839201224&reply_comment_id=415302489173359,,,"Whenever you are entitled to gain resources, you may choose to take some but not all of the quantity specified.",https://www.stonemaiergames.com/games/wingspan/rules/#comment-37710,,,,,,,,,,,,,,
Black Vulture,Coragyps atratus,originalcore,Pink,Food from Birdfeeder,"When another player's predator succeeds, gain 1 [die] from the birdfeeder.",,,,2,Cavity,1,150,X,,,,,,,,,,,,0,,,,X,X,,,,,,,,,X,X,X,,,,,,,,,,X,,,X,"If multiple players trigger this power at the same time, they gain food in turn order, starting to the left of the active player (the one whose predator succeeded).",32,You may use a pink power during another player's turn after your last turn of the game.,https://www.boardgamegeek.com/thread/2145421/article/31177235#31177235,"You may activate each <i>""once between turns""</i> power on a bird on your player mat once between each of your turns.",https://www.facebook.com/groups/wingspanboardgame/permalink/312352352801707/?comment_id=312354036134872&reply_comment_id=312437246126551,,,You may not use a pink power during your turn (when an opponent performs an action that would otherwise enable using such a power).,https://www.facebook.com/groups/wingspanboardgame/permalink/499161054120835/?comment_id=499167897453484,"If a pink power is triggered by a player using the <i>""gain food""</i>, <i>""lay eggs""</i>, or <i>""draw bird cards""</i> action, the pink power is resolved after the player collects the resources indicated on the player mat but before any brown powers in the corresponding row are activated. If a pink power is triggered by another bird's power, the pink power is resolved after the other bird's power has been resolved.",https://www.boardgamegeek.com/thread/2397920/article/34412077#34412077,Regular reroll rules apply whenever you have the opportunity to gain food from the birdfeeder.,https://www.stonemaiergames.com/games/wingspan/rules/,,,,,"Whenever you are entitled to gain resources, you may choose to take some but not all of the quantity specified.",https://www.stonemaiergames.com/games/wingspan/rules/#comment-37710,,,,
Black Woodpecker,Dryocopus martius,european,Brown,Food-related,Gain all [invertebrate] that are in the birdfeeder.,,,,4,Cavity,2,70,X,,,2,,,1,,,,,,3,,,,X,,,,,X,,,,,X,X,X,,,,,,X,,,,X,,,X,"If there is only one die face showing at the beginning of this action, you may reset the birdfeeder and then take all the invertebrates. <br>This action is completed once you have gained all of this type of food that are showing. If the birdfeeder becomes empty and resets as a result of this action, you do not gain additional food after the reset. If there is only one die face showing after taking all the invertebrates, you may not reset the birdfeeder to look for more.",33,Regular reroll rules apply whenever you have the opportunity to gain food from the birdfeeder.,https://www.stonemaiergames.com/games/wingspan/rules/,"Whenever you are entitled to gain resources, you may choose to take some but not all of the quantity specified.",https://www.stonemaiergames.com/games/wingspan/rules/#comment-37710,,,,,,,,,,,,,,,,,,
Black-Bellied Whistling Duck,Dendrocygna autumnalis,originalcore,Brown,Flocking,Discard 1 [seed] to tuck 2 [card] from the deck behind this bird.,,X,,2,Cavity,5,76,,,X,,2,,,,,,,,2,X,,,X,X,,X,X,,,,,,,X,X,,,,,,,X,,,,,,X,These powers allow you to discard a specific type of food to take 2 cards from the deck and tuck them behind the bird. You must have the food in your personal supply; you cannot take it from a bird card.,34,"<i>""Discarding""</i> food while resolving a bird power counts as <i>""spending""</i>.",https://www.discord.com/channels/608588053052653580/693358238439047229/778341560205967380,,,,,,,,,,,,,,,,,,,,
Black-Billed Magpie,Pica hudsonia,originalcore,Pink,Food from Birdfeeder,"When another player's predator succeeds, gain 1 [die] from the birdfeeder.",,,,3,Wild,3,64,,X,,,,,,,,2,,,2,X,,,X,X,,,,,X,,,,,,X,X,,X,X,,,,X,,,,,X,"If multiple players trigger this power at the same time, they gain food in turn order, starting to the left of the active player (the one whose predator succeeded).",35,You may use a pink power during another player's turn after your last turn of the game.,https://www.boardgamegeek.com/thread/2145421/article/31177235#31177235,"You may activate each <i>""once between turns""</i> power on a bird on your player mat once between each of your turns.",https://www.facebook.com/groups/wingspanboardgame/permalink/312352352801707/?comment_id=312354036134872&reply_comment_id=312437246126551,,,You may not use a pink power during your turn (when an opponent performs an action that would otherwise enable using such a power).,https://www.facebook.com/groups/wingspanboardgame/permalink/499161054120835/?comment_id=499167897453484,"If a pink power is triggered by a player using the <i>""gain food""</i>, <i>""lay eggs""</i>, or <i>""draw bird cards""</i> action, the pink power is resolved after the player collects the resources indicated on the player mat but before any brown powers in the corresponding row are activated. If a pink power is triggered by another bird's power, the pink power is resolved after the other bird's power has been resolved.",https://www.boardgamegeek.com/thread/2397920/article/34412077#34412077,Regular reroll rules apply whenever you have the opportunity to gain food from the birdfeeder.,https://www.stonemaiergames.com/games/wingspan/rules/,,,,,"Whenever you are entitled to gain resources, you may choose to take some but not all of the quantity specified.",https://www.stonemaiergames.com/games/wingspan/rules/#comment-37710,,,,
Black-Chinned Hummingbird,Archilochus alexandri,swiftstart,Brown,,All players gain a [fruit] from the supply.,,,,4,Bowl,2,8,X,X,X,,,,,,,1,,,1,X,,,X,,X,,,,,,,,,,,X,X,,,,,,X,X,X,,,X,,36,You may only reroll dice when gaining food from the birdfeeder and not when gaining food from the supply.,https://www.boardgamegeek.com/thread/2208584/article/32288825#32288825,"Whenever you are entitled to gain resources, you may choose to take some but not all of the quantity specified.",https://www.stonemaiergames.com/games/wingspan/rules/#comment-37710,,,,,,,,,,,,,,,,,,
Black-Crowned Night-Heron,Nycticorax nycticorax,originalcore,Brown,Food from Supply,Discard 1 [egg] from any of your other birds to gain 1 [wild] from the supply.,,,,9,Platform,2,112,,,X,1,,1,,1,,,,,3,X,,,X,,,,,X,,,X,,,X,,,,X,,X,,X,,,X,,,X,These birds are all known for eating eggs from other birds’ nests. You must have laid an egg on another bird before you can use these powers. Discard the egg to the supply.,37,"<i>""Discarding""</i> food while resolving a bird power counts as <i>""spending""</i>.",https://www.discord.com/channels/608588053052653580/693358238439047229/778341560205967380,You may only reroll dice when gaining food from the birdfeeder and not when gaining food from the supply.,https://www.boardgamegeek.com/thread/2208584/article/32288825#32288825,,,"Whenever you are entitled to gain resources, you may choose to take some but not all of the quantity specified.",https://www.stonemaiergames.com/games/wingspan/rules/#comment-37710,,,,,,,,,,,,,,
Black-Headed Gull,Chroicocephalus ridibundus,european,Brown,Food-related,Steal 1 [wild] from another player's supply and add it to your own supply. They gain 1 [die] from the birdfeeder.,,,,3,Ground,2,102,,,X,1,,,,,,1,,,2,X,,,X,X,,,,,X,,,,,X,,X,,,,,,X,,,X,,X,,The food that the other player gains does not have to be the same type stolen.,38,Regular reroll rules apply whenever you have the opportunity to gain food from the birdfeeder.,https://www.stonemaiergames.com/games/wingspan/rules/,"Whenever you are entitled to gain resources, you may choose to take some but not all of the quantity specified.",https://www.stonemaiergames.com/games/wingspan/rules/#comment-37710,,,,,,,,,,,,,,,,,,
Black-Naped Oriole,Oriolus chinensis,asia,Teal,,"If you used all 4 types of actions this round, gain 1 [wild] from the supply, lay 1 [egg] on any bird, and draw 1 [card] from the deck.",,,,5,Bowl,2,50,X,X,,1,,,2,,,,,,3,X,,,X,,X,,,X,,,,,,,,,,,,,X,,X,,X,,,X,"At the end of the round, if you have action cubes in all 4 areas on the left side of your player mat, you may take all three actions available on this card. Take the actions in the order listed here.",365,You may only reroll dice when gaining food from the birdfeeder and not when gaining food from the supply.,https://www.boardgamegeek.com/thread/2208584/article/32288825#32288825,"Whenever you are entitled to gain resources, you may choose to take some but not all of the quantity specified.",https://www.stonemaiergames.com/games/wingspan/rules/#comment-37710,,,,,,,,,,,,,,,,,,
Black-Necked Stilt,Himantopus mexicanus,originalcore,White,Card-drawing,Draw 2 [card].,,,,4,Ground,2,74,,,X,2,,,,,,,,,2,X,,,X,,,,,,X,,,X,,X,,,,,,,,X,,,X,,,X,This power adds cards to the wetland’s draw card(s) action. You may draw from the deck or the face-up cards. Face-up cards are refilled only at the end of your turn.,39,"Whenever you are entitled to gain resources, you may choose to take some but not all of the quantity specified.",https://www.stonemaiergames.com/games/wingspan/rules/#comment-37710,,,,,,,,,,,,,,,,,,,,
Black-Shouldered Kite,Elanus axillaris,oceania,Brown,Food-related,"Reset the birdfeeder and gain 1 [rodent], if there is one. You may give it to another player; if you do, lay up to 3 [egg] on this bird.",X,,,2,Platform,3,87,,X,,,,,,2,,,,,2,X,,,X,X,,,,,,X,,,,X,,,,X,X,X,,,,,,,X,,"Remove the die from the birdfeeder when you gain the food, as you would normally.",275,"Whenever you are entitled to gain resources, you may choose to take some but not all of the quantity specified.",https://www.stonemaiergames.com/games/wingspan/rules/#comment-37710,,,,,,,,,,,,,,,,,,,,
Black-Tailed Godwit,Limosa limosa,european,White,Other,Draw 1 new bonus card. Then draw 3 [card] and keep 1 of them.,,,X,6,Ground,2,76,,,X,2,1,,,,,,,,3,X,,,X,,,,X,X,X,,,,,X,,,,,,,,X,,,X,X,X,,You may look at the bonus card you drew before doing the second part of these actions.,40,"Whenever you are entitled to gain resources, you may choose to take some but not all of the quantity specified.",https://www.stonemaiergames.com/games/wingspan/rules/#comment-37710,,,,,,,,,,,,,,,,,,,,
Black-Throated Diver,Gavia arctica,european,Brown,Card-drawing,"Discard all remaining face-up [card] and refill the tray. If you do, draw 1 of the new face-up [card].",,,,5,Ground,1,120,,,X,,,2,,,,,,,2,X,,,X,,,,,,X,,X,,,X,,,,,,,,X,,,X,,X,,,41,"Whenever you are entitled to gain resources, you may choose to take some but not all of the quantity specified.",https://www.stonemaiergames.com/games/wingspan/rules/#comment-37710,,,,,,,,,,,,,,,,,,,,
Blue Grosbeak,Passerina caerulea,originalcore,Brown,Other,"If this bird is to the right of all other birds in its habitat, move it to another habitat.",,,,4,Bowl,3,28,X,X,X,1,2,,,,,,,,3,X,,,X,,X,,X,X,,,,,,,,,X,,,,,,X,,,,,X,"These birds are all able to live in a variety of habitats, and their power is to move from habitat to habitat—but only if they’re the last bird in that row. (They can be in any column.) This can be powerful for increasing your abilities in multiple habitats, and for scoring on end-of-round goals. Be careful not to play another bird to the right of one of these cards, or you won’t be able to use its power!",42,,,,,"When using this bird's power to move this bird to another habitat, the action cube does not change habitats with it.",https://www.stonemaiergames.com/games/wingspan/rules/,,,,,,,,,,,,,,,,
Blue Jay,Cyanocitta cristata,originalcore,Brown,Caching Food,Gain 1 [seed] from the birdfeeder (if available). You may cache it on this card.,,,,3,Bowl,2,41,X,,,,1,,,,,1,,,2,,,,X,X,,,X,,,,,,X,,,X,,,,,,,X,,X,,,X,"The birds with these powers are known for caching extra food and saving it for later. As noted on these cards, you can cache exactly 1 food token when their power is activated by placing it on a bird card. Once a food token is cached on a bird card, you cannot spend it. Each token on the card at the end of the game is worth 1 point. If the same dice are showing in the birdfeeder, you may reroll to see if you meet the condition of the bird. If you run out of food tokens, you can cache cards instead.",43,Regular reroll rules apply whenever you have the opportunity to gain food from the birdfeeder.,https://www.stonemaiergames.com/games/wingspan/rules/,"Whenever you are entitled to gain resources, you may choose to take some but not all of the quantity specified.",https://www.stonemaiergames.com/games/wingspan/rules/#comment-37710,,,,,,,,,,,,,,,,,,
Blue Rock-Thrush,Monticola solitarius,asia,Brown,,"If this bird has no birds to the right of it, you may move it (only the card) to the player mat of the player on your left (you choose its habitat). If you do, draw 3 [card].",,,,0,Cavity,4,35,X,X,X,1,1,,1,,,,X,,1,,,,X,X,X,,X,,,,,,,,X,,,,,,X,,,,,,,X,"When moving this bird to another player’s mat, place it in the leftmost open slot in any habitat. If there are no open slots in a habitat, this bird cannot be moved to that habitat. Any cached food, eggs, or tucked cards are discarded when you move it. This bird cannot be declined by the receiving player.",366,"Whenever you are entitled to gain resources, you may choose to take some but not all of the quantity specified.",https://www.stonemaiergames.com/games/wingspan/rules/#comment-37710,,,,,,,,,,,,,,,,,,,,
Blue-Gray Gnatcatcher,Polioptila caerulea,originalcore,Brown,Food from Supply,Gain 1 [invertebrate] from the supply.,,,,1,Bowl,3,15,X,,,1,,,,,,,,,1,,,,X,X,,,,,,,,X,X,,,,X,,,,,,X,,,,X,,,44,You may only reroll dice when gaining food from the birdfeeder and not when gaining food from the supply.,https://www.boardgamegeek.com/thread/2208584/article/32288825#32288825,"Whenever you are entitled to gain resources, you may choose to take some but not all of the quantity specified.",https://www.stonemaiergames.com/games/wingspan/rules/#comment-37710,,,,,,,,,,,,,,,,,,
Blue-Winged Warbler,Vermivora cyanoptera,originalcore,,,,,,,8,Bowl,2,20,X,X,,2,,,,,,,,,2,X,,,X,,X,,,,,,,X,,,,,X,,,,,,X,,X,,,X,,45,,,,,,,,,,,,,,,,,,,,,,
Bluethroat,Luscinia svecica,european,Brown,Food-related,Choose a food type. All players gain 1 of that food from the supply.,,,,7,Ground,5,22,,X,X,1,1,,1,,,,,,3,X,,,X,,X,,X,X,X,,,,,,,,X,,,,X,,,,,,,X,,46,You may only reroll dice when gaining food from the birdfeeder and not when gaining food from the supply.,https://www.boardgamegeek.com/thread/2208584/article/32288825#32288825,"Whenever you are entitled to gain resources, you may choose to take some but not all of the quantity specified.",https://www.stonemaiergames.com/games/wingspan/rules/#comment-37710,,,,,,,,,,,,,,,,,,
Blyth's Hornbill,Rhyticeros plicatus,oceania,White,,Discard all [egg] from 1 of your birds with a [cavity] nest. Tuck twice that many [card] from the deck behind this bird.,,X,,7,Cavity,2,150,X,,,,,,3,,,,,,3,,,X,,,,X,,X,,,,,X,X,X,,,,,,X,,,,X,,,X,,276,"<i>""Discarding""</i> food while resolving a bird power counts as <i>""spending""</i>.",https://www.discord.com/channels/608588053052653580/693358238439047229/778341560205967380,,,,,,,,,,,,,,,,,,,,
Bobolink,Dolichonyx oryzivorus,originalcore,White,Egg-laying,Lay 1 [egg] on each of your birds with a [ground] nest.,,,,4,Ground,3,30,,X,,1,2,,,,,,,,3,,,,,,,,X,X,X,,,,,,,,X,,X,,,,,,,,,X,"This power allows you to lay eggs on all of your birds that have a specific nest symbol (and all birds with a star nest symbol), including the newly played bird.",47,"Whenever you are entitled to gain resources, you may choose to take some but not all of the quantity specified.",https://www.stonemaiergames.com/games/wingspan/rules/#comment-37710,,,,,,,,,,,,,,,,,,,,
Bonelli's Eagle,Aquila fasciata,european,White,Hunting and Fishing,"For each [rodent] in this bird's cost, you may pay 1 [card] from your hand instead. If you do, tuck the paid [card] behind this card.",X,,,8,Platform,1,160,X,X,X,,,,,3,,,,X,3,,,X,,,X,,,X,,X,,,,X,,,,X,,X,,,,,X,,X,,"If these birds use their power to tuck cards instead of paying some or all of the bird’s food cost, this counts as both a) tucking a card and b) a predator succeeding, and triggers birds with pink powers accordingly.",48,"If you use a bird's power to play in the same habitat a bird an alternative food cost specified via an asterisk next to its food cost, you may pay the alternative cost (which thus counts as paying the bird's <i>""normal food cost""</i>) instead of paying its food cost.",https://www.discord.com/channels/608588053052653580/693358238439047229/709127448922423368,,,"This bird counts toward the <strong applink=""/card/1013"">Falconer</strong> bonus card despite the specification of brown powers in that bonus card's entry in the Appendix.",https://www.boardgamegeek.com/thread/2153031/article/34459426#34459426,,,,,,,,,,,,,,,,
Brahminy Kite,Haliastur indus,asia,Brown,,"Choose any 3 [die]. Roll them up to 3 times. Each time, if you roll at least 1 [fish] or [rodent], cache 1 here. If not, stop and return all food cached here this turn.",X,,,6,Platform,2,125,,,X,1,,1,,1,,,,,3,,,,,,,,,X,,X,X,,,X,,,,X,,X,,X,,,X,,X,,"These are push-your-luck powers: After each roll, you check to see whether you succeeded or failed. Once you fail, this bird’s activation is over. You also may choose to end the bird’s activation at any time to avoid the risk of failing and losing what you have gained. <br>If you failed, you must stop and return all food cached by this bird during the current activation of this power. <br>If you succeeded, cache 1 food on this bird from the supply (do not cache more than one food after each roll). Then, if you have rolled fewer than 3 times during the current activation of this power, decide whether to roll again.",367,,,,,,,,,,,,,,,,,,,,,,
Brambling,Fringilla montifringilla,asia,Teal,,"Draw 2 [card] from the deck and add them to your hand. Then, tuck up to 2 [card] from your hand behind this bird.",,X,,2,Bowl,4,26,X,,,1,1,,,,,,,,2,,,,,X,,X,X,,,,,,X,,,,X,,,,,,X,,,,,X,"For this bird, you may tuck 0–2 cards when you use its power. <br><br>You may tuck cards that you did not draw during the activation of this power.",368,"Whenever you are entitled to gain resources, you may choose to take some but not all of the quantity specified.",https://www.stonemaiergames.com/games/wingspan/rules/#comment-37710,,,,,,,,,,,,,,,,,,,,
Brant,Branta bernicla,swiftstart,White,,Draw the 3 face-up [card] in the bird tray.,,,,3,Ground,2,114,,,X,,1,,,,,1,,,2,,,,,X,,,X,,X,,,,,X,,X,,,,,,X,,,X,,,X,,49,"Whenever you are entitled to gain resources, you may choose to take some but not all of the quantity specified.",https://www.stonemaiergames.com/games/wingspan/rules/#comment-37710,,,,,,,,,,,,,,,,,,,,
Brewer's Blackbird,Euphagus cyanocephalus,originalcore,Brown,Flocking,"Tuck a [card] from your hand behind this bird. If you do, also lay 1 [egg] on this bird.",,X,,3,Bowl,3,41,,X,,,1,,,,,1,,,2,,,X,X,X,,X,X,,,,,,,,,X,,,X,,,,X,,,,X,,"These birds all allow you to tuck a card from your hand for a point, then gain some additional benefit (lay an egg, draw a card, or gain a food). You can only gain the benefit if you first tuck a card from your hand.",50,"Whenever you are entitled to gain resources, you may choose to take some but not all of the quantity specified.",https://www.stonemaiergames.com/games/wingspan/rules/#comment-37710,,,"If this bird already has the maximum number of [egg] on it, you may still use its power to tuck a [card].",https://www.boardgamegeek.com/thread/2144148/article/31158388#31158388,,,,,,,,,,,,,,,,
Broad-Winged Hawk,Buteo platypterus,swiftstart,Brown,,"Roll all dice not in birdfeeder. If any are a [rodent], gain 1 [rodent] and cache it on this card.",X,,,4,Platform,2,85,X,,,,,,,1,,,,,1,X,,,,,,,,,,X,,,X,X,,,,X,,X,,,,,X,,,X,,51,"Whenever you are entitled to gain resources, you may choose to take some but not all of the quantity specified.",https://www.stonemaiergames.com/games/wingspan/rules/#comment-37710,,,,,,,,,,,,,,,,,,,,
Brolga,Antigone rubicunda,oceania,Brown,Other,Choose 1 other player. They lay 1 [egg]; you draw 2 [card].,,,,6,Ground,2,215,,,X,1,1,,,,,1,,,3,,,,,,,,X,X,X,,,,,X,,X,,,,,,X,,,X,,,X,You may draw cards even if the other player is unable to lay an [egg].,277,"Whenever you are entitled to gain resources, you may choose to take some but not all of the quantity specified.",https://www.stonemaiergames.com/games/wingspan/rules/#comment-37710,,,,,,,,,,,,,,,,,,,,
Bronzed Cowbird,Molothrus aeneus,originalcore,Pink,Egg-laying,"When another player takes the ""lay eggs"" action, this bird lays 1 [egg] on another bird with a [bowl] nest.",,,,5,None,0,36,,X,,1,1,,,,,,,,2,,,,X,,,,X,,,,,,,,,,,,X,,,,,,X,,,X,"These birds are all nest parasites in the wild: they lay eggs in other birds’ nests. Cowbirds don’t even build their own nests. <br>When another player uses the [grassland] action to lay eggs, you may lay 1 egg. You may do this only once between your turns, no matter how many other players lay eggs. The cowbird can lay eggs on star nests.",52,You may use a pink power during another player's turn after your last turn of the game.,https://www.boardgamegeek.com/thread/2145421/article/31177235#31177235,"You may activate each <i>""once between turns""</i> power on a bird on your player mat once between each of your turns.",https://www.facebook.com/groups/wingspanboardgame/permalink/312352352801707/?comment_id=312354036134872&reply_comment_id=312437246126551,You may not use this bird's power to lay an [egg] on another player's bird.,https://www.boardgamegeek.com/thread/2146296/article/33747572#33747572,You may not use a pink power during your turn (when an opponent performs an action that would otherwise enable using such a power).,https://www.facebook.com/groups/wingspanboardgame/permalink/499161054120835/?comment_id=499167897453484,"If a pink power is triggered by a player using the <i>""gain food""</i>, <i>""lay eggs""</i>, or <i>""draw bird cards""</i> action, the pink power is resolved after the player collects the resources indicated on the player mat but before any brown powers in the corresponding row are activated. If a pink power is triggered by another bird's power, the pink power is resolved after the other bird's power has been resolved.",https://www.boardgamegeek.com/thread/2397920/article/34412077#34412077,"Whenever you are entitled to gain resources, you may choose to take some but not all of the quantity specified.",https://www.stonemaiergames.com/games/wingspan/rules/#comment-37710,,,,,,,,,,
Brown Falcon,Falco berigora,oceania,Brown,Hunting and Fishing,"Look at a [card] from the deck. If its food cost includes an [invertebrate] or a [rodent], tuck it behind this bird. If not, discard it.",X,,,5,Platform,2,102,X,X,X,1,,,,1,,,,,2,,,,X,,X,,,,,X,,,,X,,,,X,,X,,,,,X,,,X,,278,,,,,,,,,,,,,,,,,,,,,,
Brown Pelican,Pelecanus occidentalis,originalcore,White,Food from Supply,Gain 3 [fish] from the supply.,,,,4,Platform,2,201,,,X,,,2,,,,,,,2,,,,X,,,,,,,,X,,,X,,,,X,,,,X,,,X,,,X,,53,You may only reroll dice when gaining food from the birdfeeder and not when gaining food from the supply.,https://www.boardgamegeek.com/thread/2208584/article/32288825#32288825,"Whenever you are entitled to gain resources, you may choose to take some but not all of the quantity specified.",https://www.stonemaiergames.com/games/wingspan/rules/#comment-37710,,,,,,,,,,,,,,,,,,
Brown Shrike,Lanius cristatus,asia,Brown,,All players may cache 1 [invertebrate] from their personal supply on a bird in their [grassland].,,,,6,Bowl,3,24,,X,,1,,,,1,,,,,2,,,,X,,,,,,,,,,,,,,X,,X,X,,,X,,,,X,,"For these powers, the birds that you cache food on do not need to have a caching power themselves. <br><br>The number of caches allowed by the card (such as “each bird in this row”) is a maximum: you may cache less than this amount.",369,,,,,,,,,,,,,,,,,,,,,,
Brown-Headed Cowbird,Molothrus ater,originalcore,Pink,Egg-laying,"When another player takes the ""lay eggs"" action, this bird lays 1 [egg] on another bird with a [bowl] nest.",,,,3,None,0,30,,X,,,1,,,,,,,,1,X,,,X,X,,,X,,,,,,,,,,X,,X,,,,,,X,,X,,"These birds are all nest parasites in the wild: they lay eggs in other birds’ nests. Cowbirds don’t even build their own nests. <br>When another player uses the [grassland] action to lay eggs, you may lay 1 egg. You may do this only once between your turns, no matter how many other players lay eggs. The cowbird can lay eggs on star nests.",54,You may use a pink power during another player's turn after your last turn of the game.,https://www.boardgamegeek.com/thread/2145421/article/31177235#31177235,"You may activate each <i>""once between turns""</i> power on a bird on your player mat once between each of your turns.",https://www.facebook.com/groups/wingspanboardgame/permalink/312352352801707/?comment_id=312354036134872&reply_comment_id=312437246126551,You may not use this bird's power to lay an [egg] on another player's bird.,https://www.boardgamegeek.com/thread/2146296/article/33747572#33747572,You may not use a pink power during your turn (when an opponent performs an action that would otherwise enable using such a power).,https://www.facebook.com/groups/wingspanboardgame/permalink/499161054120835/?comment_id=499167897453484,"If a pink power is triggered by a player using the <i>""gain food""</i>, <i>""lay eggs""</i>, or <i>""draw bird cards""</i> action, the pink power is resolved after the player collects the resources indicated on the player mat but before any brown powers in the corresponding row are activated. If a pink power is triggered by another bird's power, the pink power is resolved after the other bird's power has been resolved.",https://www.boardgamegeek.com/thread/2397920/article/34412077#34412077,"Whenever you are entitled to gain resources, you may choose to take some but not all of the quantity specified.",https://www.stonemaiergames.com/games/wingspan/rules/#comment-37710,,,,,,,,,,
Budgerigar,Melopsittacus undulatus,oceania,Brown,Card-drawing,Tuck the smallest bird in the tray behind this bird.,,X,,0,Cavity,3,30,X,X,X,,1,,,,,,,,1,,,,,X,X,X,X,,,,,,,,X,,X,,,,,,,,,,,X,"The size of the bird refers to its wingspan. If there is a tie for the smallest bird, you choose.",279,,,,,,,,,,,,,,,,,,,,,,
Bullfinch,Pyrrhula pyrrhula,european,Brown,Food-related,"Reset the birdfeeder. If you do, gain 1 [seed] or 1 [fruit] from the birdfeeder after resetting.",,,,3,Bowl,4,24,X,,,,1,,1,,,,,,2,,,,,X,,,X,,,,,,X,,,,X,,,,X,,X,,,,,X,"If the specified food type is not in the birdfeeder after the reset, you gain nothing.",55,Regular reroll rules apply whenever you have the opportunity to gain food from the birdfeeder.,https://www.stonemaiergames.com/games/wingspan/rules/,"Whenever you are entitled to gain resources, you may choose to take some but not all of the quantity specified.",https://www.stonemaiergames.com/games/wingspan/rules/#comment-37710,,,,,,,,,,,,,,,,,,
Burrowing Owl,Athene cunicularia,originalcore,Brown,Hunting/Fishing,"Roll all dice not in birdfeeder. If any are [rodent], gain 1 [rodent] and cache it on this card.",X,,,5,Wild,4,53,,X,,1,,,,1,,,,,2,,,,,,,,,,X,X,,,,,X,,,X,X,X,,,X,,,,,,"Birds that eat rodents or fish roll all dice that are not in the birdfeeder. (Note that you will never roll more than 4 dice, because when all 5 dice are out of the birdfeeder it must reset immediately.) Roll dice on the table; they do not go back into the birdfeeder. If one or more dice show the specified type, take at most 1 token of that type from the supply and cache it on your card (see “Caching food”). Each token on a bird card is worth 1 point at the end of the game.",56,"Whenever you are entitled to gain resources, you may choose to take some but not all of the quantity specified.",https://www.stonemaiergames.com/games/wingspan/rules/#comment-37710,,,"This bird does not count toward the <strong applink=""/card/1000"">Anatomist</strong> bonus card.",https://www.boardgamegeek.com/thread/2207647/article/32048074#32048074,,,,,,,,,,,,,,,,
Bushtit,Psaltriparus minimus,originalcore,Brown,Flocking,"Tuck a [card] from your hand behind this bird. If you do, also lay 1 [egg] on this bird.",,X,,2,Wild,5,15,X,X,X,1,1,,,,,,,,2,,,,,X,X,X,X,,X,,,,,,X,,X,X,,,,,X,,,,X,,"These birds all allow you to tuck a card from your hand for a point, then gain some additional benefit (lay an egg, draw a card, or gain a food). You can only gain the benefit if you first tuck a card from your hand.",57,"Whenever you are entitled to gain resources, you may choose to take some but not all of the quantity specified.",https://www.stonemaiergames.com/games/wingspan/rules/#comment-37710,,,"If this bird already has the maximum number of [egg] on it, you may still use its power to tuck a [card].",https://www.boardgamegeek.com/thread/2144148/article/31158388#31158388,,,,,,,,,,,,,,,,
California Condor,Gymnogyps californianus,originalcore,White,Other,Draw 2 new bonus cards and keep 1.,,,X,1,Ground,1,277,X,X,X,,,,,,,,,,0,,X,,,X,X,,,,X,,,,,X,,,,,,,,,,,X,X,,,"Draw two goal cards, pick the one you want to keep, and discard the other. If the deck of goal cards is ever exhausted, shuffle the discards to form a new face-down deck. <br>The birds with this power are all threatened or endangered, or conservationists are concerned that they soon will be because of a declining trend in their population.",58,"Whenever you are entitled to gain resources, you may choose to take some but not all of the quantity specified.",https://www.stonemaiergames.com/games/wingspan/rules/#comment-37710,,,,,,,,,,,,,,,,,,,,
California Quail,Callipepla californica,originalcore,Brown,Egg-laying,Lay 1 [egg] on this bird.,,,,3,Ground,6,36,X,X,,1,2,,,,,,,,3,,X,,,X,X,,X,X,X,,,,,,,,,,,,,,,,,,X,,,59,"Whenever you are entitled to gain resources, you may choose to take some but not all of the quantity specified.",https://www.stonemaiergames.com/games/wingspan/rules/#comment-37710,,,,,,,,,,,,,,,,,,,,
Canada Goose,Branta canadensis,originalcore,Brown,Flocking,Discard 1 [seed] to tuck 2 [card] from the deck behind this bird.,,X,,3,Ground,3,132,,X,X,,2,,,,,,,,2,,X,,,X,X,X,X,,X,,,,,X,,,,,,,,,,,,,,X,These powers allow you to discard a specific type of food to take 2 cards from the deck and tuck them behind the bird. You must have the food in your personal supply; you cannot take it from a bird card.,60,"<i>""Discarding""</i> food while resolving a bird power counts as <i>""spending""</i>.",https://www.discord.com/channels/608588053052653580/693358238439047229/778341560205967380,,,,,,,,,,,,,,,,,,,,
Canvasback,Aythya valisineria,swiftstart,Brown,,All players draw 1 [card] from the deck.,,,,4,Wild,4,82,,,X,,1,,,,,1,,,2,X,,,,,,,X,,X,,,,,X,X,X,,X,,,,X,X,,,,,X,,61,"Whenever you are entitled to gain resources, you may choose to take some but not all of the quantity specified.",https://www.stonemaiergames.com/games/wingspan/rules/#comment-37710,,,,,,,,,,,,,,,,,,,,
Carolina Chickadee,Poecile carolinensis,originalcore,Brown,Caching Food,Gain 1 [seed] from the supply and cache it on this card.,,,,2,Cavity,3,20,X,,,1,1,,,,,,X,,1,,X,,,X,,,X,,,,,,X,,X,,X,,,,,,,,,,X,,"The birds with these powers are known for caching extra food and saving it for later. As noted on these cards, you can cache exactly 1 food token when their power is activated by placing it on a bird card. Once a food token is cached on a bird card, you cannot spend it. Each token on the card at the end of the game is worth 1 point. If the same dice are showing in the birdfeeder, you may reroll to see if you meet the condition of the bird. If you run out of food tokens, you can cache cards instead.",62,You may only reroll dice when gaining food from the birdfeeder and not when gaining food from the supply.,https://www.boardgamegeek.com/thread/2208584/article/32288825#32288825,"Whenever you are entitled to gain resources, you may choose to take some but not all of the quantity specified.",https://www.stonemaiergames.com/games/wingspan/rules/#comment-37710,,,,,,,,,,,,,,,,,,
Carolina Wren,Thryothorus ludovicianus,originalcore,White,Card-drawing,Draw 2 [card].,,,,1,Cavity,5,20,X,,,1,,,1,,,,X,,1,,X,,,X,,,,,,,,,X,,X,,X,,,,X,,,,,,,X,This power adds cards to the wetland’s draw card(s) action. You may draw from the deck or the face-up cards. Face-up cards are refilled only at the end of your turn.,63,"Whenever you are entitled to gain resources, you may choose to take some but not all of the quantity specified.",https://www.stonemaiergames.com/games/wingspan/rules/#comment-37710,,,,,,,,,,,,,,,,,,,,
Carrion Crow,Corvus corone,european,Teal,Food-related,Choose any 1 player (including yourself). Cache 1 [rodent] from the supply on this bird for each [predator] that player has.,,,,3,Platform,2,92,,X,X,1,,,,,,1,,,2,,,,,X,X,,,,,,,,,X,,X,,X,,,,,,,X,,,X,,64,,,,,,,,,,,,,,,,,,,,,,
Cassin's Finch,Haemorhous cassinii,originalcore,White,Other,Draw 2 new bonus cards and keep 1.,,,X,4,Bowl,3,30,X,,,,1,,1,,,,,,2,,,X,,,,,X,,,,,,X,,,,X,,,,X,,X,,,X,,X,"Draw two goal cards, pick the one you want to keep, and discard the other. If the deck of goal cards is ever exhausted, shuffle the discards to form a new face-down deck. <br>The birds with this power are all threatened or endangered, or conservationists are concerned that they soon will be because of a declining trend in their population.",65,"Whenever you are entitled to gain resources, you may choose to take some but not all of the quantity specified.",https://www.stonemaiergames.com/games/wingspan/rules/#comment-37710,,,,,,,,,,,,,,,,,,,,
Cassin's Sparrow,Peucaea cassinii,originalcore,Brown,Egg-laying,Lay 1 [egg] on any bird.,,,,3,Ground,2,20,,X,,1,1,,,,,,,,2,,,X,,X,,,X,,X,,,,,,,,X,,X,,,,,,X,,X,,,66,"Whenever you are entitled to gain resources, you may choose to take some but not all of the quantity specified.",https://www.stonemaiergames.com/games/wingspan/rules/#comment-37710,,,,,,,,,,,,,,,,,,,,
Cedar Waxwing,Bombycilla cedrorum,originalcore,Brown,Flocking,"Tuck a [card] from your hand behind this bird. If you do, gain 1 [fruit] from the supply.",,X,,3,Bowl,3,25,X,X,,,,,2,,,,,,2,X,,,,X,X,X,,,,,,,,,,,X,,,,X,,X,,,,,X,"These birds all allow you to tuck a card from your hand for a point, then gain some additional benefit (lay an egg, draw a card, or gain a food). You can only gain the benefit if you first tuck a card from your hand.",67,You may only reroll dice when gaining food from the birdfeeder and not when gaining food from the supply.,https://www.boardgamegeek.com/thread/2208584/article/32288825#32288825,"Whenever you are entitled to gain resources, you may choose to take some but not all of the quantity specified.",https://www.stonemaiergames.com/games/wingspan/rules/#comment-37710,,,,,,,,,,,,,,,,,,
Cerulean Warbler,Setophaga cerulea,originalcore,White,Other,Draw 2 new bonus cards and keep 1.,,,X,4,Bowl,2,20,X,,,1,1,,,,,,,,2,,,,X,,,,X,,,,,,X,,,,X,,,,,,X,,X,X,X,,"Draw two goal cards, pick the one you want to keep, and discard the other. If the deck of goal cards is ever exhausted, shuffle the discards to form a new face-down deck. <br>The birds with this power are all threatened or endangered, or conservationists are concerned that they soon will be because of a declining trend in their population.",68,"Whenever you are entitled to gain resources, you may choose to take some but not all of the quantity specified.",https://www.stonemaiergames.com/games/wingspan/rules/#comment-37710,,,,,,,,,,,,,,,,,,,,
Cetti's Warbler,Cettia cetti,european,Teal,Other,"This bird counts double toward the end-of-round goal, if it qualifies for the goal.",,,,4,Bowl,3,17,,,X,1,1,,,,,,,,2,,,X,,,,,X,,,,,,,,,,X,,,,,X,X,,,,X,,"These birds are doubled only for end-of-round goals, not bonus cards or points at the end of the game. <br>Eggs on these cards are not doubled, if the goal is counting the number of eggs.",69,"Only powers of birds played on a player mat can be used. In particular, birds with the power <i>""This bird counts double toward the end-of-round goal, if it qualifies for the goal."" (e.g., <strong applink=""/card/69"">Cetti's Warbler</strong>) does not count double toward the <strong>[card] in hand</strong> end-of-round goal.",https://www.stonemaiergames.com/games/wingspan/wingspan-european-expansion/,This bird counts double for <strong>Beak pointing left/right</strong> if it qualifies for the goal.,https://www.facebook.com/groups/wingspanboardgame/permalink/744575159579422/,"This bird counts double toward precisely the end-of-round bonuses that count birds, not those that count other quantities. When in your hand this card does not count toward end-of-round bonuses.",https://www.boardgamegeek.com/thread/2365136/article/34012183#34012183,,,,,,,,,,,,,,,,
Chestnut-Collared Longspur,Calcarius ornatus,originalcore,White,Other,Draw 2 new bonus cards and keep 1.,,,X,5,Ground,4,25,,X,,1,2,,,,,,,,3,X,,,X,,,,X,X,X,,,,,,,,X,,X,,,,,,,X,X,,"Draw two goal cards, pick the one you want to keep, and discard the other. If the deck of goal cards is ever exhausted, shuffle the discards to form a new face-down deck. <br>The birds with this power are all threatened or endangered, or conservationists are concerned that they soon will be because of a declining trend in their population.",70,"Whenever you are entitled to gain resources, you may choose to take some but not all of the quantity specified.",https://www.stonemaiergames.com/games/wingspan/rules/#comment-37710,,,,,,,,,,,,,,,,,,,,
Chihuahuan Raven,Corvus cryptoleucus,originalcore,Brown,Food from Supply,Discard 1 [egg] from any of your other birds to gain 2 [wild] from the supply.,,,,4,Platform,3,112,,X,,,,,,1,,2,,,3,,X,,,,,,,X,,,,,,X,,X,,X,X,X,,,,,,,,X,These birds are all known for eating eggs from other birds’ nests. You must have laid an egg on another bird before you can use these powers. Discard the egg to the supply.,71,"<i>""Discarding""</i> food while resolving a bird power counts as <i>""spending""</i>.",https://www.discord.com/channels/608588053052653580/693358238439047229/778341560205967380,You may only reroll dice when gaining food from the birdfeeder and not when gaining food from the supply.,https://www.boardgamegeek.com/thread/2208584/article/32288825#32288825,,,"Whenever you are entitled to gain resources, you may choose to take some but not all of the quantity specified.",https://www.stonemaiergames.com/games/wingspan/rules/#comment-37710,,,,,,,,,,,,,,
Chimney Swift,Chaetura pelagica,originalcore,Brown,Other,"If this bird is to the right of all other birds in its habitat, move it to another habitat.",,,,3,Wild,2,36,X,X,X,2,,,,,,,,,2,,,,,X,X,,,,X,,,X,,,X,,,X,,,,,X,X,X,,X,,"These birds are all able to live in a variety of habitats, and their power is to move from habitat to habitat—but only if they’re the last bird in that row. (They can be in any column.) This can be powerful for increasing your abilities in multiple habitats, and for scoring on end-of-round goals. Be careful not to play another bird to the right of one of these cards, or you won’t be able to use its power!",72,,,,,"When using this bird's power to move this bird to another habitat, the action cube does not change habitats with it.",https://www.stonemaiergames.com/games/wingspan/rules/,,,,,,,,,,,,,,,,
Chipping Sparrow,Spizella passerina,originalcore,Brown,Egg-laying,Lay 1 [egg] on any bird.,,,,1,Bowl,3,23,X,X,,1,1,,,,,,X,,1,,,,,X,X,,X,,,,,,,,,,X,,,,,,X,,,,,X,,73,"Whenever you are entitled to gain resources, you may choose to take some but not all of the quantity specified.",https://www.stonemaiergames.com/games/wingspan/rules/#comment-37710,,,,,,,,,,,,,,,,,,,,
Clark's Grebe,Aechmophorus clarkii,originalcore,Brown,Card-drawing,"Draw 1 [card]. If you do, discard 1 [card] from your hand at the end of your turn.",,,,5,Wild,2,61,,,X,,,1,,,,,,,1,,,X,,,,,,,X,,X,,,,X,,,X,,,,X,X,,X,,,X,"This power adds cards to the wetland’s draw card(s) action, but it has a cost. The next player may start their turn while you are deciding which card(s) to discard.",74,"You may perform an action even if it precludes you from performing an action required at the end of your turn (e.g., discarding a [card] from your hand at the end of a turn in which you activated the <strong applink=""/card/31"">Black Tern</strong>'s power).",https://www.facebook.com/groups/wingspanboardgame/permalink/397335327636742/?comment_id=397350010968607,"If you perform more than one action <i>""at the end of your turn""</i>, you may perform those actions in any order.",https://www.facebook.com/groups/wingspanboardgame/permalink/414814145888860/?comment_id=415023839201224&reply_comment_id=415302489173359,,,"Whenever you are entitled to gain resources, you may choose to take some but not all of the quantity specified.",https://www.stonemaiergames.com/games/wingspan/rules/#comment-37710,,,,,,,,,,,,,,
Clark's Nutcracker,Nucifraga columbiana,originalcore,Brown,Caching Food,Gain 1 [seed] from the birdfeeder (if available). You may cache it on this card.,,,,5,Platform,2,61,X,,,,2,,,,,1,,,3,,,X,,,,,X,X,,,,,X,,,X,,X,,,,,,,X,,,X,"The birds with these powers are known for caching extra food and saving it for later. As noted on these cards, you can cache exactly 1 food token when their power is activated by placing it on a bird card. Once a food token is cached on a bird card, you cannot spend it. Each token on the card at the end of the game is worth 1 point. If the same dice are showing in the birdfeeder, you may reroll to see if you meet the condition of the bird. If you run out of food tokens, you can cache cards instead.",75,Regular reroll rules apply whenever you have the opportunity to gain food from the birdfeeder.,https://www.stonemaiergames.com/games/wingspan/rules/,"Whenever you are entitled to gain resources, you may choose to take some but not all of the quantity specified.",https://www.stonemaiergames.com/games/wingspan/rules/#comment-37710,,,,,,,,,,,,,,,,,,
Coal Tit,Periparus ater,european,Brown,Food-related,"Gain 1 [seed] from the supply and cache it on this card. At any time, you may spend [seed] cached on this card.",,,,2,Cavity,6,16,X,,,1,1,,,,,,,,2,,,,X,X,,,X,,,,,,X,,X,,X,,,,,,,,,,,X,"[seed] cached on these birds do not count as being in your supply for the purposes of end-ofround goals, even though they can be used to play more birds.",76,You may only reroll dice when gaining food from the birdfeeder and not when gaining food from the supply.,https://www.boardgamegeek.com/thread/2208584/article/32288825#32288825,"Whenever you are entitled to gain resources, you may choose to take some but not all of the quantity specified.",https://www.stonemaiergames.com/games/wingspan/rules/#comment-37710,You may spend a [seed] cached on this bird anytime you can spend a [seed] from your supply.,https://www.facebook.com/groups/wingspanboardgame/permalink/486158122087795/?comment_id=486188425418098&reply_comment_id=486277005409240,,,,,,,"Food cached on this bird is <i>""used""</i> (for points) and hence does not count as unused food when breaking point ties while scoring.",https://www.boardgamegeek.com/thread/2361799/article/33951687#33951687,"When a bird with a <i>""copy""</i> power (e.g., the <strong applink=""/card/348"">Superb Lyrebird</strong>) copies this bird's power, that bird retains the ability to spend [seed] cached on it until the end of the turn but no longer.",https://www.facebook.com/groups/wingspanboardgame/permalink/714240602612878/?comment_id=714367625933509,,,,,,
Cockatiel,Nymphicus hollandicus,oceania,Brown,Hunting and Fishing,Discard 1 [seed] to choose a [card] from the tray and tuck it behind this bird.,,X,,2,Cavity,5,32,X,X,X,,1,,,,,,,,1,,,,,X,X,X,X,,,,,,,,X,,,,,,,,,,,,,X,Choosing and tucking using this bird’s power comprise a single action. You may not use this ability to draw a card into your hand.,280,"<i>""Discarding""</i> food while resolving a bird power counts as <i>""spending""</i>.",https://www.discord.com/channels/608588053052653580/693358238439047229/778341560205967380,,,,,,,,,,,,,,,,,,,,
Common Blackbird,Turdus merula,european,White,Other,"Place this bird sideways, so that it covers 2 [forest] spaces. Pay the lower egg cost.",,,,4,Bowl,5,36,X,,,1,,,2,,,,,,3,,,,X,,,,,X,,,,,X,,,,,,,,X,,X,,,,,X,"These birds still count as just 1 bird for round-end goals that count birds. But both spaces are filled, so they can count twice toward the “completed columns” round-end goal. <br>These birds can still be played like any other bird in the 5th column, forgoing their power. <br>The next bird you play in this habitat is placed to the right of this bird.",77,A bird played horizontally qualifies for one of <strong>Beak pointing left/right</strong> end-of-round goals if and only if it would count were the card played in its vertical orientation.,https://www.facebook.com/groups/wingspanboardgame/permalink/723516585018613/?comment_id=723543355015936,,,"If a bird (e.g., <strong applink=""/card/78"">Common Buzzard</strong>) is played on top of this one, the top bird is also placed horizontally and occupies both columns.",https://www.stonemaiergames.com/games/wingspan/wingspan-european-expansion/,,,,,,,,,,,,,,,,
Common Buzzard,Buteo buteo,european,White,Hunting and fishing,"Instead of paying any costs, you may play this bird on top of another bird on your player mat. Discard any eggs and food from that bird. It becomes a tucked card.",X,,,4,Platform,2,123,X,X,X,,,,,1,,,,X,1,,,,,,X,,,,,X,,,,X,,,,X,,X,,,,,X,,X,,"If you use this power, you pay neither the food cost nor the egg cost for these birds. This counts as both a) tucking a card and b) a predator succeeding, and triggers birds with pink powers accordingly. <br>Any cards that were tucked behind the original bird remain tucked, but you must discard any eggs.",78,"Cards whose powers include the phrase <i>""it becomes a tucked card""</i> (e.g., <strong applink=""/card/78"">Common Buzzard</strong>) qualify for the <strong applink=""/card/1008"">Citizen Scientist</strong> bonus card when the Automa has drawn it.",https://www.facebook.com/groups/wingspanboardgame/permalink/507078829995724/?comment_id=507188399984767,"If you use a bird's power to play in the same habitat a bird an alternative food cost specified via an asterisk next to its food cost, you may pay the alternative cost (which thus counts as paying the bird's <i>""normal food cost""</i>) instead of paying its food cost.",https://www.discord.com/channels/608588053052653580/693358238439047229/709127448922423368,"If this bird is played on top of a horizontal one (e.g., <strong applink=""/card/77"">Common Blackbird</strong>), it is also placed horizontally and occupies both columns.",https://www.stonemaiergames.com/games/wingspan/wingspan-european-expansion/,,,,,,,"In games where the Automa has drawn the <strong applink=""/card/1008"">Citizen Scientist</strong> bonus card, this bird qualifies for that bonus card.",https://www.facebook.com/groups/wingspanboardgame/permalink/507078829995724/?comment_id=507188399984767,"This bird counts toward the <strong applink=""/card/1013"">Falconer</strong> bonus card despite the specification of brown powers in that bonus card's entry in the Appendix.",https://www.boardgamegeek.com/thread/2153031/article/34459426#34459426,,,,,,
Common Chaffinch,Fringilla coelebs,european,Brown,Flocking,Choose 1-5 birds in this habitat. Tuck 1 [card] from your hand behind each.,,X,,4,Bowl,2,23,X,X,,1,1,,,,,,X,,1,,,,,,X,X,X,,,,,,,,,,X,,,,,,X,,X,,,X,This power can be used to tuck cards behind birds that do not usually tuck cards.,79,,,,,,,,,,,,,,,,,,,,,,
Common Chiffchaff,Phylloscopus collybita,european,Brown,Flocking,Choose 1-5 birds in this habitat. Tuck 1 [card] from your hand behind each.,,X,,3,Ground,3,20,X,,X,1,1,,1,,,,X,,1,,,,,X,X,X,X,,X,,,,,,,,X,,,,X,,,,,,,X,This power can be used to tuck cards behind birds that do not usually tuck cards.,80,,,,,,,,,,,,,,,,,,,,,,
Common Cuckoo,Cuculus canorus,european,Pink,Egg-laying,"When another player takes the ""lay eggs"" action, this bird lays 1 [egg] on another bird with a [bowl] or [ground] nest.",,,,4,None,0,57,X,X,,2,,,,,,,,,2,,,,,,X,,,,,,,X,,,,,,,,,,,,,X,,,X,[star] nests count as [bowl] and [ground] for this bird.,81,You may use a pink power during another player's turn after your last turn of the game.,https://www.boardgamegeek.com/thread/2145421/article/31177235#31177235,"You may activate each <i>""once between turns""</i> power on a bird on your player mat once between each of your turns.",https://www.facebook.com/groups/wingspanboardgame/permalink/312352352801707/?comment_id=312354036134872&reply_comment_id=312437246126551,,,You may not use a pink power during your turn (when an opponent performs an action that would otherwise enable using such a power).,https://www.facebook.com/groups/wingspanboardgame/permalink/499161054120835/?comment_id=499167897453484,"If a pink power is triggered by a player using the <i>""gain food""</i>, <i>""lay eggs""</i>, or <i>""draw bird cards""</i> action, the pink power is resolved after the player collects the resources indicated on the player mat but before any brown powers in the corresponding row are activated. If a pink power is triggered by another bird's power, the pink power is resolved after the other bird's power has been resolved.",https://www.boardgamegeek.com/thread/2397920/article/34412077#34412077,"Whenever you are entitled to gain resources, you may choose to take some but not all of the quantity specified.",https://www.stonemaiergames.com/games/wingspan/rules/#comment-37710,,,,,,,,,,
Common Goldeneye,Bucephala clangula,european,Teal,Egg-laying,Lay 1 [egg] on this bird for each other bird with a [cavity] nest that you have.,,,,2,Cavity,4,73,X,,X,1,,1,,,,,,,2,X,,,X,X,X,,,,,,X,,,X,X,,,,,,,,,,,,X,,[star] nests count as [cavity] for this bird.,82,"Whenever you are entitled to gain resources, you may choose to take some but not all of the quantity specified.",https://www.stonemaiergames.com/games/wingspan/rules/#comment-37710,,,"This bird counts toward the <strong applink=""/card/1023"">Photographer</strong> bonus card.",https://www.boardgamegeek.com/thread/2246435/article/32571727#32571727,,,,,,,,,,,,,,,,
Common Grackle,Quiscalus quiscula,originalcore,Brown,Flocking,"Tuck a [card] from your hand behind this bird. If you do, also lay 1 [egg] on this bird.",,X,,3,Bowl,3,43,X,X,X,,1,,,,,1,,,2,,,,,X,X,X,X,,,,,,,,,X,,,,,,,X,,,,X,,"These birds all allow you to tuck a card from your hand for a point, then gain some additional benefit (lay an egg, draw a card, or gain a food). You can only gain the benefit if you first tuck a card from your hand.",83,"Whenever you are entitled to gain resources, you may choose to take some but not all of the quantity specified.",https://www.stonemaiergames.com/games/wingspan/rules/#comment-37710,,,"If this bird already has the maximum number of [egg] on it, you may still use its power to tuck a [card].",https://www.boardgamegeek.com/thread/2144148/article/31158388#31158388,,,,,,,,,,,,,,,,
Common Green Magpie,Cissa chinensis,asia,Brown,,"Gain 1 [invertebrate] or [rodent] from the birdfeeder, if there is one. You may cache it on this bird.",,,,5,Bowl,3,62,X,,,2,,,,1,,,,,3,,,,X,,,,,X,,,,,X,,,,,,,X,,,X,,,,,X,"If all dice in the birdfeeder show the same face, you may reset it before gaining the [specified food type]. If the birdfeeder contains none of the [specified food type], you gain nothing. <br>Once a food token is cached on a bird card, you cannot spend it. Each token on the card at the end of the game is worth 1 point.",370,Regular reroll rules apply whenever you have the opportunity to gain food from the birdfeeder.,https://www.stonemaiergames.com/games/wingspan/rules/,"Whenever you are entitled to gain resources, you may choose to take some but not all of the quantity specified.",https://www.stonemaiergames.com/games/wingspan/rules/#comment-37710,,,,,,,,,,,,,,,,,,
Common Iora,Aegithina tiphia,asia,Brown,,Lay 1 [egg] on another bird in this column.,,,,1,Bowl,2,21,X,X,,1,,,,,,,,,1,,,,,X,X,,,,,,,X,,,,,X,,,,,,X,,X,,,X,,371,"Whenever you are entitled to gain resources, you may choose to take some but not all of the quantity specified.",https://www.stonemaiergames.com/games/wingspan/rules/#comment-37710,,,,,,,,,,,,,,,,,,,,
Common Kingfisher,Alcedo atthis,european,Brown,Food-related,Steal 1 [fish] from another player's supply and cache it on this bird. They gain 1 [die] from the birdfeeder.,,,,4,Wild,5,26,,,X,1,,2,,,,,,,3,,,,,,,,,X,X,,X,,,,X,,X,X,,,,X,X,,,,X,,The food that the other player gains does not have to be the same type stolen.,84,Regular reroll rules apply whenever you have the opportunity to gain food from the birdfeeder.,https://www.stonemaiergames.com/games/wingspan/rules/,"Whenever you are entitled to gain resources, you may choose to take some but not all of the quantity specified.",https://www.stonemaiergames.com/games/wingspan/rules/#comment-37710,,,,,,,,,,,,,,,,,,
Common Little Bittern,Ixobrychus minutus,european,Brown,Card-drawing,Gain 1 face-up [card] that can live in [grassland].,,,,2,Platform,3,49,,,X,1,,1,,,,,,,2,,,,,X,,,,,,,X,,,,,,,X,,,,X,,,,,,X,"If no with [card] that habitat is available, do not gain anything.",85,"Whenever you are entitled to gain resources, you may choose to take some but not all of the quantity specified.",https://www.stonemaiergames.com/games/wingspan/rules/#comment-37710,,,,,,,,,,,,,,,,,,,,
Common Loon,Gavia immer,originalcore,Brown,Card-drawing,Player(s) with the fewest [wetland] birds: draw 1 [card].,,,,6,Ground,1,117,,,X,,,1,,,,1,,,2,,,,,,,,,,X,,X,,,X,,X,,,,,,X,,,X,,X,X,"If players are tied for the fewest birds currently in the wetland habitat, all draw a card, starting with you and proceeding clockwise. All may draw from the deck or the face-up cards.",86,"Whenever you are entitled to gain resources, you may choose to take some but not all of the quantity specified.",https://www.stonemaiergames.com/games/wingspan/rules/#comment-37710,,,,,,,,,,,,,,,,,,,,
Common Merganser,Mergus merganser,originalcore,Brown,Hunting/Fishing,"Roll all dice not in birdfeeder. If any are [fish], gain 1 [fish] and cache it on this card.",X,,,5,Cavity,4,86,,,X,,,1,,,,1,,,2,,,,,,,,,,,X,X,,,X,X,X,,,,,,X,,,,,,X,"Birds that eat rodents or fish roll all dice that are not in the birdfeeder. (Note that you will never roll more than 4 dice, because when all 5 dice are out of the birdfeeder it must reset immediately.) Roll dice on the table; they do not go back into the birdfeeder. If one or more dice show the specified type, take at most 1 token of that type from the supply and cache it on your card (see “Caching food”). Each token on a bird card is worth 1 point at the end of the game.",87,"Whenever you are entitled to gain resources, you may choose to take some but not all of the quantity specified.",https://www.stonemaiergames.com/games/wingspan/rules/#comment-37710,,,,,,,,,,,,,,,,,,,,
Common Moorhen,Gallinula chloropus,european,Brown,Other,"Discard 1 [wild] from your supply. If you do, play another bird in your [wetland]. Pay its normal food and egg cost.",,,,3,Wild,6,53,,,X,1,1,1,,,,,,,3,,X,,,X,,,X,X,X,,X,,,,X,,,X,,,,X,X,,,,X,,"If the additional bird has a “when played” power, it is triggered when the bird is played.",88,"You may substitute 2 [wild] for any 1 food in a bird's food cost whenever you play a bird, including outside the scope of the <i>""play a bird""</i> action.",https://www.facebook.com/groups/wingspanboardgame/?post_id=592455651458041&comment_id=592685648101708&reply_comment_id=592771751426431,"<i>""Discarding""</i> food while resolving a bird power counts as <i>""spending""</i>.",https://www.discord.com/channels/608588053052653580/693358238439047229/778341560205967380,"Using this bird's power to play a bird in your [wetland] triggers the power of the <strong applink=""/card/27"">Belted Kingfisher</strong> on another player's player mat, despite the <strong applink=""/card/27"">Belted Kingfisher</strong>'s entry in the Appendix.",https://www.facebook.com/groups/wingspanboardgame/?post_id=592581981445408&comment_id=592771208093152,,,,,,,,,,,,,,,,
Common Myna,Acridotheres tristis,asia,Brown,,"Copy the ""When Activated"" (brown) power of a bird in the [grassland] of the player on your left.",,,,1,Cavity,4,35,,X,,1,1,,,,,,X,,1,,,,,X,,,X,,,,,,,,X,,,,X,,,,,,,,,X,The copied power must be a brown “when activated” power. Perform the action as if the Common Myna had the power.,372,,,,,,,,,,,,,,,,,,,,,,
Common Nighthawk,Chordeiles minor,originalcore,Brown,Other,"If this bird is to the right of all other birds in its habitat, move it to another habitat.",,,,3,Ground,2,56,X,X,X,2,,,,,,,,,2,,,,,X,X,,,,X,,,X,,,,,,,,,,,,X,X,,,X,"These birds are all able to live in a variety of habitats, and their power is to move from habitat to habitat—but only if they’re the last bird in that row. (They can be in any column.) This can be powerful for increasing your abilities in multiple habitats, and for scoring on end-of-round goals. Be careful not to play another bird to the right of one of these cards, or you won’t be able to use its power!",89,,,,,"When using this bird's power to move this bird to another habitat, the action cube does not change habitats with it.",https://www.stonemaiergames.com/games/wingspan/rules/,,,,,,,,,,,,,,,,
Common Nightingale,Luscinia megarhynchos,european,Brown,Food-related,Choose a food type. All players gain 1 of that food from the supply.,,,,3,Bowl,4,23,X,X,X,1,1,,1,,,,X,,1,,,,,X,X,,X,,,,,,,,,,X,,,,X,,X,,,,,X,,90,You may only reroll dice when gaining food from the birdfeeder and not when gaining food from the supply.,https://www.boardgamegeek.com/thread/2208584/article/32288825#32288825,"Whenever you are entitled to gain resources, you may choose to take some but not all of the quantity specified.",https://www.stonemaiergames.com/games/wingspan/rules/#comment-37710,,,,,,,,,,,,,,,,,,
Common Raven,Corvus corax,originalcore,Brown,Food from Supply,Discard 1 [egg] from any of your other birds to gain 2 [wild] from the supply.,,,,5,Platform,2,135,X,X,X,,,,,1,,2,,,3,,,,,,X,,,X,,,,,,X,,X,,X,,X,,,,,X,,X,,These birds are all known for eating eggs from other birds’ nests. You must have laid an egg on another bird before you can use these powers. Discard the egg to the supply.,91,"<i>""Discarding""</i> food while resolving a bird power counts as <i>""spending""</i>.",https://www.discord.com/channels/608588053052653580/693358238439047229/778341560205967380,You may only reroll dice when gaining food from the birdfeeder and not when gaining food from the supply.,https://www.boardgamegeek.com/thread/2208584/article/32288825#32288825,,,"Whenever you are entitled to gain resources, you may choose to take some but not all of the quantity specified.",https://www.stonemaiergames.com/games/wingspan/rules/#comment-37710,,,,,,,,,,,,,,
Common Sandpiper,Actitis hypoleucos,asia,Brown,,Draw 1 [card] for each bird in your [wetland] with an [egg] on it. Keep 1 and discard the rest.,,,,2,Ground,2,40,,,X,1,,1,,,,,X,,1,,,,,X,,,,,X,,X,,,,,,,,,,,X,,,X,,,X,,373,"Whenever you are entitled to gain resources, you may choose to take some but not all of the quantity specified.",https://www.stonemaiergames.com/games/wingspan/rules/#comment-37710,,,,,,,,,,,,,,,,,,,,
Common Starling,Sturnus vulgaris,european,Teal,Flocking,"Discard up to 5 [wild] from your supply. For each, tuck 1 [card] from the deck behind this bird.",,X,,3,Cavity,4,38,,X,X,1,1,,1,,,,X,,1,,,,,X,X,X,X,,,,,,,,X,,,,,,X,,,,,,,X,,92,"<i>""Discarding""</i> food while resolving a bird power counts as <i>""spending""</i>.",https://www.discord.com/channels/608588053052653580/693358238439047229/778341560205967380,,,"This bird counts toward the <strong applink=""/card/1004"">Bird Counter</strong> bonus card despite the specification of brown powers in that bonus card's entry in the Appendix.",https://www.boardgamegeek.com/thread/2153031/article/34459426#34459426,,,,,,,You can spend the unused nectar from your personal supply as blue powers are activated before nectar is discarded.,https://www.facebook.com/groups/wingspanboardgame/permalink/706763200027285/?comment_id=706763420027263&reply_comment_id=706764750027130,,,,,,,,
Common Swift,Apus apus,european,Teal,Flocking,"Discard up to 5 [invertebrate] from your supply. For each, tuck 1 [card] from the deck behind this bird.",,X,,5,Cavity,2,46,,X,,1,,,,,,,,,1,,,,,,,X,,,,,,X,,,X,,,,X,,,,,X,X,,,X,,93,"<i>""Discarding""</i> food while resolving a bird power counts as <i>""spending""</i>.",https://www.discord.com/channels/608588053052653580/693358238439047229/778341560205967380,,,"This bird counts toward the <strong applink=""/card/1004"">Bird Counter</strong> bonus card despite the specification of brown powers in that bonus card's entry in the Appendix.",https://www.boardgamegeek.com/thread/2153031/article/34459426#34459426,,,,,,,You can spend the unused nectar from your personal supply as blue powers are activated before nectar is discarded.,https://www.facebook.com/groups/wingspanboardgame/permalink/706763200027285/?comment_id=706763420027263&reply_comment_id=706764750027130,,,,,,,,
Common Tailorbird,Orthotomus sutorius,asia,Yellow,,Find a contiguous group of birds in your preserve that all have the same nest type. Lay 1 [egg] on each of them. [star] nests count as any nest type.,,,,2,Wild,2,13,X,X,,1,,,,,,1,,,2,,,,,X,X,,,,,,,,,,X,X,X,X,,,,,X,,X,,X,,"“Contiguous” is defined by being orthogonally adjacent. In other words: directly to the left, right, top, or bottom (not diagonal). The group may zig-zag across rows and columns, as long as each bird in the group is orthogonally adjacent to at least one other bird in the group.",374,"Whenever you are entitled to gain resources, you may choose to take some but not all of the quantity specified.",https://www.stonemaiergames.com/games/wingspan/rules/#comment-37710,,,,,,,,,,,,,,,,,,,,
Common Teal,Anas crecca,asia,Teal,,"For every 3 [egg] in your [wetland], draw 1 [card] from the deck. You may tuck up to 2 [card] from your hand behind this bird.",,X,,0,Ground,4,61,,,X,1,1,,,,,,X,,1,,,,X,X,,X,X,,X,,,,,,,,,,,,,X,,,,,X,,You may tuck cards that you did not draw during the activation of this power.,375,"Whenever you are entitled to gain resources, you may choose to take some but not all of the quantity specified.",https://www.stonemaiergames.com/games/wingspan/rules/#comment-37710,,,,,,,,,,,,,,,,,,,,
Common Yellowthroat,Geothlypis trichas,originalcore,Brown,Card-drawing,"Draw 2 [card]. If you do, discard 1 [card] from your hand at the end of your turn.",,,,1,Bowl,4,18,,,X,1,,,,,,,,,1,X,,,X,X,,,,,,,,X,,,,,X,,,,,X,X,,,,X,,"This power adds cards to the wetland’s draw card(s) action, but it has a cost. The next player may start their turn while you are deciding which card(s) to discard.",94,"You may perform an action even if it precludes you from performing an action required at the end of your turn (e.g., discarding a [card] from your hand at the end of a turn in which you activated the <strong applink=""/card/31"">Black Tern</strong>'s power).",https://www.facebook.com/groups/wingspanboardgame/permalink/397335327636742/?comment_id=397350010968607,"If you perform more than one action <i>""at the end of your turn""</i>, you may perform those actions in any order.",https://www.facebook.com/groups/wingspanboardgame/permalink/414814145888860/?comment_id=415023839201224&reply_comment_id=415302489173359,,,"Whenever you are entitled to gain resources, you may choose to take some but not all of the quantity specified.",https://www.stonemaiergames.com/games/wingspan/rules/#comment-37710,,,,,,,,,,,,,,
Cooper's Hawk,Accipiter cooperii,originalcore,Brown,Hunting/Fishing,"Look at a [card] from the deck. If <75cm, tuck it behind this bird. If not, discard it.",X,,,3,Platform,2,79,X,,,,,,,1,,,,,1,,,X,,X,,,,,,X,,,X,X,,,,X,,X,,,,,X,,X,,"These birds eat other birds. Look at the wingspan of the top card of the deck and compare it to their hunting power. <br>If the wingspan of the top card in the deck is less than the bird’s hunting power, tuck that card to signify that your predator hunted successfully. Each tucked card is worth 1 point at the end of the game. <br>If the wingspan of the top card is equal to or larger than your predator’s power, discard the card instead.",95,,,,,,,,,,,,,,,,,,,,,,
Coppersmith Barbet,Psilopogon haemacephalus,asia,Brown,,"Gain 1 [invertebrate] or [fruit] from the birdfeeder, if there is one.",,,,4,Cavity,3,23,X,,,1,,,1,,,,,,2,,,,,,,,,,,,,,X,,X,,X,,,,X,,,,,,,X,"If all dice in the birdfeeder show the same face, you may reset it before gaining the [specified food type]. If the birdfeeder contains none of the [specified food type], you gain nothing.",376,Regular reroll rules apply whenever you have the opportunity to gain food from the birdfeeder.,https://www.stonemaiergames.com/games/wingspan/rules/,"Whenever you are entitled to gain resources, you may choose to take some but not all of the quantity specified.",https://www.stonemaiergames.com/games/wingspan/rules/#comment-37710,,,,,,,,,,,,,,,,,,
Corsican Nuthatch,Sitta whiteheadi,european,White,Other,Draw 1 new bonus card. Then gain 1 [die] from the birdfeeder.,,,X,4,Cavity,2,21,X,,,,2,,,,,,,,2,,X,,,,,,X,,,,,,X,,X,,X,,,,,,,,X,X,,X,You may look at the bonus card you drew before doing the second part of these actions.,96,Regular reroll rules apply whenever you have the opportunity to gain food from the birdfeeder.,https://www.stonemaiergames.com/games/wingspan/rules/,"Whenever you are entitled to gain resources, you may choose to take some but not all of the quantity specified.",https://www.stonemaiergames.com/games/wingspan/rules/#comment-37710,,,,,,,,,,,,,,,,,,
Count Raggi's Bird-of-Paradise,Paradisaea raggiana,oceania,Brown,Egg-laying,Choose 1 other player. You both gain 1 [fruit] from the supply.,,,,7,Bowl,2,22,X,,,1,,,2,,,,,,3,,,X,,,,,,X,,,,,X,,,,X,,,,X,,X,,X,,X,,,281,You may only reroll dice when gaining food from the birdfeeder and not when gaining food from the supply.,https://www.boardgamegeek.com/thread/2208584/article/32288825#32288825,"Whenever you are entitled to gain resources, you may choose to take some but not all of the quantity specified.",https://www.stonemaiergames.com/games/wingspan/rules/#comment-37710,,,,,,,,,,,,,,,,,,
Crested Ibis,Nipponia nippon,asia,White,,"Draw 2 new bonus cards and keep 1. Other players may discard any 2 resources ([wild], [egg], or [card]) to do the same.",,,X,7,Platform,2,140,,,X,1,,2,,,,,,,3,X,,,,,,,,X,,,X,,,X,,,,X,,,,X,,,X,X,X,,"Any player may discard 2 resources of the same type (e.g., 2 [wild]) or of 2 different types (e.g., 1 [wild] and 1 [egg]) to draw bonus cards. Discarded [wild] are discarded from your personal supply, and discarded [card] are discarded from your hand. <br>Draw 2 bonus cards, pick the one you want to keep and discard the other. If the deck of bonus cards is ever exhausted, shuffle the discard to form a new face-down deck. <br><b>Oceania Expansion:</b> If a player discards [nectar] to pay to draw bonus cards, that nectar is placed on the “spent nectar” spot in their [wetland].",377,"<i>""Discarding""</i> food while resolving a bird power counts as <i>""spending""</i>.",https://www.discord.com/channels/608588053052653580/693358238439047229/778341560205967380,"Whenever you are entitled to gain resources, you may choose to take some but not all of the quantity specified.",https://www.stonemaiergames.com/games/wingspan/rules/#comment-37710,,,,,,,,,,,,,,,,,,
Crested Lark,Galerida cristata,asia,Brown,,"Discard 1 [seed]. If you do, lay 1 [egg] on this bird.",,,,5,Ground,4,34,,X,,1,1,,,,,,,,2,X,,,,,,,X,,X,,,,,,,,,,X,,,,,,,,X,,The seed must come from your supply not from a bird’s cache.,378,"<i>""Discarding""</i> food while resolving a bird power counts as <i>""spending""</i>.",https://www.discord.com/channels/608588053052653580/693358238439047229/778341560205967380,"Whenever you are entitled to gain resources, you may choose to take some but not all of the quantity specified.",https://www.stonemaiergames.com/games/wingspan/rules/#comment-37710,,,,,,,,,,,,,,,,,,
Crested Pigeon,Ocyphaps lophotes,oceania,Yellow,Egg-laying,Cache up to 8 [seed] from your supply on this bird.,,,,3,Platform,4,45,,X,,,1,,,,,,,,1,X,,,,X,,,X,,,,,,,,,,,X,X,,,,,,,,,X,,282,,,,,,,,,,,,,,,,,,,,,,
Crimson Chat,Epthianura tricolor,oceania,Brown,Food-related,Discard 1 [wild] to tuck 1 [card] from the deck behind this bird.,,X,,4,Bowl,2,19,,X,,1,1,,1,,,,X,,1,,,,X,,,X,X,,,,,,,,,,X,,X,,X,,X,,X,,,X,,283,"<i>""Discarding""</i> food while resolving a bird power counts as <i>""spending""</i>.",https://www.discord.com/channels/608588053052653580/693358238439047229/778341560205967380,,,,,,,,,,,,,,,,,,,,
Dark-Eyed Junco,Junco hyemalis,originalcore,Brown,Flocking,"Tuck a [card] from your hand behind this bird. If you do, gain 1 [seed] from the supply.",,X,,3,Ground,3,23,X,X,,1,1,,,,,,,,2,X,,,,X,X,X,X,,X,,,,,,,,X,,,,,,,,,,X,,"These birds all allow you to tuck a card from your hand for a point, then gain some additional benefit (lay an egg, draw a card, or gain a food). You can only gain the benefit if you first tuck a card from your hand.",97,You may only reroll dice when gaining food from the birdfeeder and not when gaining food from the supply.,https://www.boardgamegeek.com/thread/2208584/article/32288825#32288825,"Whenever you are entitled to gain resources, you may choose to take some but not all of the quantity specified.",https://www.stonemaiergames.com/games/wingspan/rules/#comment-37710,,,,,,,,,,,,,,,,,,
Desert Finch,Rhodospiza obsoleta,asia,White,,Lay 1 [egg] on this bird for each other bird in your [grassland].,,,,6,Bowl,4,26,,X,,,3,,,,,,,,3,,X,,,,,,X,X,,,,,,,,,X,,X,,,,X,,,,,X,,379,"Whenever you are entitled to gain resources, you may choose to take some but not all of the quantity specified.",https://www.stonemaiergames.com/games/wingspan/rules/#comment-37710,,,,,,,,,,,,,,,,,,,,
Desert Wheatear,Oenanthe deserti,asia,Brown,,"For each bird in your [grassland] with an egg on it, roll any 1 [die]. Choose 1 type of food you rolled and gain 1 of that food from the supply.",,,,2,Ground,2,27,,X,,1,1,,,,,,X,,1,,X,,,X,,,X,,X,,,,,,,,X,,X,,,,,,X,,X,,"Regardless of the number of dice rolled, gain only 1 food.",380,You may only reroll dice when gaining food from the birdfeeder and not when gaining food from the supply.,https://www.boardgamegeek.com/thread/2208584/article/32288825#32288825,"Whenever you are entitled to gain resources, you may choose to take some but not all of the quantity specified.",https://www.stonemaiergames.com/games/wingspan/rules/#comment-37710,,,,,,,,,,,,,,,,,,
Dickcissel,Spiza americana,originalcore,Brown,Flocking,"Tuck a [card] from your hand behind this bird. If you do, also lay 1 [egg] on this bird.",,X,,4,Ground,3,25,,X,,1,2,,,,,,,,3,,,,,,,X,X,X,X,,,,,,,,X,,X,,,,,,,,,X,"These birds all allow you to tuck a card from your hand for a point, then gain some additional benefit (lay an egg, draw a card, or gain a food). You can only gain the benefit if you first tuck a card from your hand.",98,"Whenever you are entitled to gain resources, you may choose to take some but not all of the quantity specified.",https://www.stonemaiergames.com/games/wingspan/rules/#comment-37710,,,"If this bird already has the maximum number of [egg] on it, you may still use its power to tuck a [card].",https://www.boardgamegeek.com/thread/2144148/article/31158388#31158388,,,,,,,,,,,,,,,,
Double-Crested Cormorant,Phalacrocorax auritus,originalcore,Brown,Flocking,Discard [fish] to tuck 2 [card] from the deck behind this bird.,,X,,3,Platform,3,132,,,X,,,1,,,,1,,,2,X,,,,X,,X,,,,,X,,,X,,X,,X,,,,X,,,,,,X,These powers allow you to discard a specific type of food to take 2 cards from the deck and tuck them behind the bird. You must have the food in your personal supply; you cannot take it from a bird card.,99,"<i>""Discarding""</i> food while resolving a bird power counts as <i>""spending""</i>.",https://www.discord.com/channels/608588053052653580/693358238439047229/778341560205967380,,,,,,,,,,,,,,,,,,,,
Downy Woodpecker,Picoides pubescens,originalcore,White,Other,Play a second bird in your [forest]. Pay its normal cost.,,,,3,Cavity,2,30,X,,,1,1,,1,,,,X,,1,,,,,X,,,X,,,,,,X,,X,,X,,,,X,,,,X,,X,,"Play another bird into the same habitat. You must follow all other rules about how to play birds: it must be a bird that can live in that habitat, and you must discard the food and egg cost for that bird. <br>The birds with this power all are known for spending time in mixed flocks with multiple bird species. Research has shown this can have benefits such as help finding food and being alerted about predators.",100,"You may substitute 2 [wild] for any 1 food in a bird's food cost whenever you play a bird, including outside the scope of the <i>""play a bird""</i> action.",https://www.facebook.com/groups/wingspanboardgame/?post_id=592455651458041&comment_id=592685648101708&reply_comment_id=592771751426431,,,"If you use this bird's power to play another bird with a <i>""play a second bird""</i> power, you may then use the latter bird's power to play yet another bird.",https://www.stonemaiergames.com/games/wingspan/rules/#comment-31474,,,,,,,,,,,,,,,,
Dunnock,Prunella modularis,european,Teal,Egg-laying,"Choose 1 other player. For each action cube on their [grassland], lay 1 [egg] on this bird.",,,,1,Bowl,4,20,X,,,1,1,,,,,,,,2,,,,,X,,,X,,,,,,X,,,,X,,,,,,X,,,,,X,,101,"Whenever you are entitled to gain resources, you may choose to take some but not all of the quantity specified.",https://www.stonemaiergames.com/games/wingspan/rules/#comment-37710,,,,,,,,,,,,,,,,,,,,
Eastern Bluebird,Sialia sialis,originalcore,White,Other,Play a second bird in your [grassland]. Pay its normal cost.,,,,4,Cavity,5,33,,X,,1,,,1,,,,,,2,,X,,X,,,,,,,,,,,,X,,,,X,,X,,,,,,,X,"Play another bird into the same habitat. You must follow all other rules about how to play birds: it must be a bird that can live in that habitat, and you must discard the food and egg cost for that bird. <br>The birds with this power all are known for spending time in mixed flocks with multiple bird species. Research has shown this can have benefits such as help finding food and being alerted about predators.",102,"You may substitute 2 [wild] for any 1 food in a bird's food cost whenever you play a bird, including outside the scope of the <i>""play a bird""</i> action.",https://www.facebook.com/groups/wingspanboardgame/?post_id=592455651458041&comment_id=592685648101708&reply_comment_id=592771751426431,,,"If you use this bird's power to play another bird with a <i>""play a second bird""</i> power, you may then use the latter bird's power to play yet another bird.",https://www.stonemaiergames.com/games/wingspan/rules/#comment-31474,,,,,,,,,,,,,,,,
Eastern Imperial Eagle,Aquila heliaca,european,White,Hunting and Fishing,"For each [rodent] in this bird's cost, you may pay 1 [card] from your hand instead. If you do, tuck the paid [card] behind this card.",X,,,7,Platform,2,200,,X,,,,,,3,,,,X,3,,X,,,,,,,X,,X,,,,X,,,,X,X,X,,,,,X,,X,,"If these birds use their power to tuck cards instead of paying some or all of the bird’s food cost, this counts as both a) tucking a card and b) a predator succeeding, and triggers birds with pink powers accordingly.",103,"If you use a bird's power to play in the same habitat a bird an alternative food cost specified via an asterisk next to its food cost, you may pay the alternative cost (which thus counts as paying the bird's <i>""normal food cost""</i>) instead of paying its food cost.",https://www.discord.com/channels/608588053052653580/693358238439047229/709127448922423368,,,"This bird counts toward the <strong applink=""/card/1013"">Falconer</strong> bonus card despite the specification of brown powers in that bonus card's entry in the Appendix.",https://www.boardgamegeek.com/thread/2153031/article/34459426#34459426,,,,,,,,,,,,,,,,
Eastern Kingbird,Tyrannus tyrannus,originalcore,Pink,Food from Supply,"When another player plays a [forest] bird, gain 1 [invertebrate] from the supply.",,,,2,Bowl,2,38,X,X,X,1,,,1,,,,X,,1,,X,,,X,X,,,,,,,,,,,,,,,,X,,X,,X,,,X,Activate these powers when a player uses the “Play a bird” action to play a bird into the specific habitat. A bird that uses its power to move into the habitat does not trigger this power.,104,"If information printed on a card conflicts with the card's appendix entry, the information on the card takes precedence. (See <strong applink=""/card/9"">American Oystercatcher</strong>, <strong applink=""/card/27"">Belted Kingfisher</strong>, and <strong applink=""/card/104"">Eastern Kingbird</strong>.)",https://www.facebook.com/groups/wingspanboardgame/?post_id=592581981445408&comment_id=592771208093152,You may use a pink power during another player's turn after your last turn of the game.,https://www.boardgamegeek.com/thread/2145421/article/31177235#31177235,"This bird's power is triggered by another player playing a bird in their [forest] during their turn, even when not using the <i>""play a bird""</i> card action to do so (instead using, e.g., the <strong applink=""/card/128"">Goldcrest</strong>'s power), despite this bird's entry in the Appendix.",https://www.facebook.com/groups/wingspanboardgame/?post_id=592581981445408&comment_id=592771208093152,"You may activate each <i>""once between turns""</i> power on a bird on your player mat once between each of your turns.",https://www.facebook.com/groups/wingspanboardgame/permalink/312352352801707/?comment_id=312354036134872&reply_comment_id=312437246126551,You may not use a pink power during your turn (when an opponent performs an action that would otherwise enable using such a power).,https://www.facebook.com/groups/wingspanboardgame/permalink/499161054120835/?comment_id=499167897453484,"If a pink power is triggered by a player using the <i>""gain food""</i>, <i>""lay eggs""</i>, or <i>""draw bird cards""</i> action, the pink power is resolved after the player collects the resources indicated on the player mat but before any brown powers in the corresponding row are activated. If a pink power is triggered by another bird's power, the pink power is resolved after the other bird's power has been resolved.",https://www.boardgamegeek.com/thread/2397920/article/34412077#34412077,,,,,You may only reroll dice when gaining food from the birdfeeder and not when gaining food from the supply.,https://www.boardgamegeek.com/thread/2208584/article/32288825#32288825,"Whenever you are entitled to gain resources, you may choose to take some but not all of the quantity specified.",https://www.stonemaiergames.com/games/wingspan/rules/#comment-37710,,
Eastern Phoebe,Sayornis phoebe,originalcore,Brown,Food from Supply,All players gain 1 [invertebrate] from the supply.,,,,3,Wild,4,28,X,X,X,1,,,1,,,,X,,1,,X,,,X,X,,,,X,,,,,,X,,X,X,,,X,,X,,,,,X,,105,You may only reroll dice when gaining food from the birdfeeder and not when gaining food from the supply.,https://www.boardgamegeek.com/thread/2208584/article/32288825#32288825,"Whenever you are entitled to gain resources, you may choose to take some but not all of the quantity specified.",https://www.stonemaiergames.com/games/wingspan/rules/#comment-37710,,,,,,,,,,,,,,,,,,
Eastern Rosella,Platycercus eximius,oceania,Brown,Flocking,All players gain 1 [nectar] from the supply. You also gain 1 [seed] from the supply.,,,,4,Cavity,3,48,X,X,,,1,,,,2,,,,3,,X,,X,,X,,X,X,,,,,,,X,,,,,,,,,,,,,X,,284,You may only reroll dice when gaining food from the birdfeeder and not when gaining food from the supply.,https://www.boardgamegeek.com/thread/2208584/article/32288825#32288825,"Whenever you are entitled to gain resources, you may choose to take some but not all of the quantity specified.",https://www.stonemaiergames.com/games/wingspan/rules/#comment-37710,"This bird counts toward the <strong applink=""/card/1023"">Photographer</strong> bonus card.",https://www.facebook.com/groups/wingspanboardgame/permalink/649739262396346/,,,,,,,,,,,,,,,,
Eastern Screech Owl,Megascops asio,originalcore,Brown,Hunting/Fishing,"Roll all dice not in birdfeeder. If any are [rodent], gain 1 [rodent] and cache it on this card.",X,,,4,Cavity,2,51,X,,,1,,,,1,,,X,,1,,X,,,,,,,,,X,,,X,,X,,,,,X,,,,,X,,,,"Birds that eat rodents or fish roll all dice that are not in the birdfeeder. (Note that you will never roll more than 4 dice, because when all 5 dice are out of the birdfeeder it must reset immediately.) Roll dice on the table; they do not go back into the birdfeeder. If one or more dice show the specified type, take at most 1 token of that type from the supply and cache it on your card (see “Caching food”). Each token on a bird card is worth 1 point at the end of the game.",106,"Whenever you are entitled to gain resources, you may choose to take some but not all of the quantity specified.",https://www.stonemaiergames.com/games/wingspan/rules/#comment-37710,,,,,,,,,,,,,,,,,,,,
Eastern Whipbird,Psophodes olivaceus,oceania,Brown,Food-related,Choose 1 other player. You both gain 1 [seed] from the supply.,,,,5,Bowl,2,30,X,,,1,1,,,,,,,,2,,X,,,,,,X,,,,,,X,,,,X,,,,,,X,,X,,X,,,285,You may only reroll dice when gaining food from the birdfeeder and not when gaining food from the supply.,https://www.boardgamegeek.com/thread/2208584/article/32288825#32288825,"Whenever you are entitled to gain resources, you may choose to take some but not all of the quantity specified.",https://www.stonemaiergames.com/games/wingspan/rules/#comment-37710,,,,,,,,,,,,,,,,,,
Eleonora's Falcon,Falco eleonorae,european,Brown,Egg-laying,"Roll all dice not in the birdfeeder. If any are [rodent], place 1 [egg] on this card.",X,,,6,Ground,2,95,,,X,1,,,,1,,,,,2,,,X,,,,,,,X,X,,,,X,,,,,,X,,X,,,X,,X,,,107,,,,,"This bird's power is a [predator] power; the [predator] icon did not appear on the card in early printings, but the omission was corrected by April 2019.",European Expansion,,,,,,,,,,,,,,,,
Emu,Dromaius novaehollandiae,oceania,Brown,Food-related,"Gain all [seed] that are in the birdfeeder. Keep half (rounded up), then choose how to distribute the remainder among the other player(s).",,,,4,Ground,6,*,X,X,X,1,1,,1,,,,,,3,,,,,,X,,X,X,X,,,,,X,,,,,,,X,,,,,,,X,Do not discard any seed tokens; they must be distributed to other players.,286,Regular reroll rules apply whenever you have the opportunity to gain food from the birdfeeder.,https://www.stonemaiergames.com/games/wingspan/rules/,"Whenever you are entitled to gain resources, you may choose to take some but not all of the quantity specified.",https://www.stonemaiergames.com/games/wingspan/rules/#comment-37710,"When using this bird's power, you must gain all [seed] available in the birdfeeder, since some of it may be allocated to other players.",https://www.facebook.com/groups/wingspanboardgame/permalink/649739262396346/,,,,,,,,,,,,,,,,
Eurasian Collared-Dove,Streptopelia decaocto,european,Teal,Flocking,"Discard up to 5 [wild] from your supply. For each, tuck 1 [card] from the deck behind this bird.",,X,,5,Platform,2,52,,X,,,1,,1,,,,,,2,X,X,,,,,X,X,,,,,,,,,,,X,X,,X,,,,X,,,X,,108,"<i>""Discarding""</i> food while resolving a bird power counts as <i>""spending""</i>.",https://www.discord.com/channels/608588053052653580/693358238439047229/778341560205967380,,,"This bird counts toward the <strong applink=""/card/1004"">Bird Counter</strong> bonus card despite the specification of brown powers in that bonus card's entry in the Appendix.",https://www.boardgamegeek.com/thread/2153031/article/34459426#34459426,,,,,,,You can spend the unused nectar from your personal supply as blue powers are activated before nectar is discarded.,https://www.facebook.com/groups/wingspanboardgame/permalink/706763200027285/?comment_id=706763420027263&reply_comment_id=706764750027130,,,,,,,,
Eurasian Coot,Fulica atra,asia,Brown,,Tuck up to 3 [card] from your hand behind this bird.,,,,4,Ground,4,75,,,X,,1,,,,,,,,1,,X,,,,,,X,,X,,,,,X,,,,,,,,X,,,,,,X,,381,,,,,,,,,,,,,,,,,,,,,,
Eurasian Eagle-Owl,Bubo bubo,asia,Brown,,"Up to 3 times, draw 1 [card] from the deck. When you stop, if the birds' total wingspan is less that 110 cm, tuck them behind this bird. If not, discard them.",X,,,4,Platform,2,174,X,X,,,,,,2,,,,,2,,X,,,,X,,,,,X,,,,X,,,,X,,X,,,,,X,,,,"These are push-your-luck powers: After each [card] draw, you check to see whether you succeeded or failed. Once you fail, this bird’s activation is over. You also may choose to end the bird’s activation at any time to avoid the risk of failing and losing what you have gained. <br>After each [card] draw, sum the wingspans of all [card] drawn so far. If the total is 110 cm or more, you failed. Discard all of the [card] you drew for this bird’s activation this turn. <br>If the total wingspan is still less than 110 cm, and you have drawn fewer than 3 during the current activation of this power, you may choose to draw another [card] or stop drawing and tuck all of the drawn [card] behind this bird. <br>If you draw a [card] with a wild wingspan (e.g., some in the Oceania Expansion)—marked with an asterisk (*) in place of a wingspan measurement—you can select any positive length for that bird’s wingspan.",382,"Whenever you are entitled to gain resources, you may choose to take some but not all of the quantity specified.",https://www.stonemaiergames.com/games/wingspan/rules/#comment-37710,,,,,,,,,,,,,,,,,,,,
Eurasian Golden Oriole,Oriolus oriolus,european,Pink,Food-related,"When another player takes the ""gain food"" action, gain 1 [invertebrate] or [fruit] from the birdfeeder at the end of their turn.",,,,4,Wild,2,46,X,X,,1,,,1,,,1,,,3,,X,,X,,X,,,X,X,,,,,,X,X,,X,,,X,,X,,X,,X,,"If all dice in the birdfeeder show the same face, you may reset it before gaining the specific food type. If the birdfeeder contains none of the specific food type, you gain nothing.",109,You may use a pink power during another player's turn after your last turn of the game.,https://www.boardgamegeek.com/thread/2145421/article/31177235#31177235,"You may activate each <i>""once between turns""</i> power on a bird on your player mat once between each of your turns.",https://www.facebook.com/groups/wingspanboardgame/permalink/312352352801707/?comment_id=312354036134872&reply_comment_id=312437246126551,"This bird counts toward the <strong applink=""/card/1023"">Photographer</strong> bonus card.",https://www.boardgamegeek.com/thread/2246435/article/32571727#32571727,You may not use a pink power during your turn (when an opponent performs an action that would otherwise enable using such a power).,https://www.facebook.com/groups/wingspanboardgame/permalink/499161054120835/?comment_id=499167897453484,"If a pink power is triggered by a player using the <i>""gain food""</i>, <i>""lay eggs""</i>, or <i>""draw bird cards""</i> action, the pink power is resolved after the player collects the resources indicated on the player mat but before any brown powers in the corresponding row are activated. If a pink power is triggered by another bird's power, the pink power is resolved after the other bird's power has been resolved.",https://www.boardgamegeek.com/thread/2397920/article/34412077#34412077,Regular reroll rules apply whenever you have the opportunity to gain food from the birdfeeder.,https://www.stonemaiergames.com/games/wingspan/rules/,,,,,"Whenever you are entitled to gain resources, you may choose to take some but not all of the quantity specified.",https://www.stonemaiergames.com/games/wingspan/rules/#comment-37710,,,,
Eurasian Green Woodpecker,Picus viridis,european,Teal,Other,"This bird counts double toward the end-of-round goal, if it qualifies for the goal.",,,,4,Cavity,3,48,X,X,,,1,,1,,,,,,2,,X,,X,,X,,X,,,,,,,,X,,,,,,X,,,,,,,X,"These birds are doubled only for end-of-round goals, not bonus cards or points at the end of the game. <br>Eggs on these cards are not doubled, if the goal is counting the number of eggs.",110,"Only powers of birds played on a player mat can be used. In particular, birds with the power <i>""This bird counts double toward the end-of-round goal, if it qualifies for the goal."" (e.g., <strong applink=""/card/69"">Cetti's Warbler</strong>) does not count double toward the <strong>[card] in hand</strong> end-of-round goal.",https://www.stonemaiergames.com/games/wingspan/wingspan-european-expansion/,This bird counts double for <strong>Beak pointing left/right</strong> if it qualifies for the goal.,https://www.facebook.com/groups/wingspanboardgame/permalink/744575159579422/,"This bird counts double toward precisely the end-of-round bonuses that count birds, not those that count other quantities. When in your hand this card does not count toward end-of-round bonuses.",https://www.boardgamegeek.com/thread/2365136/article/34012183#34012183,,,,,,,,,,,,,,,,
Eurasian Hobby,Falco subbuteo,european,White,Hunting and fishing,"Instead of paying any costs, you may play this bird on top of another bird on your player mat. Discard any eggs and food from that bird. It becomes a tucked card.",X,,,4,Platform,2,75,X,X,X,1,,,,1,,,X,X,1,,X,,,,X,,,,,X,,,,X,,,,X,,X,,,,,X,,X,,"If you use this power, you pay neither the food cost nor the egg cost for these birds. This counts as both a) tucking a card and b) a predator succeeding, and triggers birds with pink powers accordingly. <br>Any cards that were tucked behind the original bird remain tucked, but you must discard any eggs.",111,"Cards whose powers include the phrase <i>""it becomes a tucked card""</i> (e.g., <strong applink=""/card/78"">Common Buzzard</strong>) qualify for the <strong applink=""/card/1008"">Citizen Scientist</strong> bonus card when the Automa has drawn it.",https://www.facebook.com/groups/wingspanboardgame/permalink/507078829995724/?comment_id=507188399984767,"If you use a bird's power to play in the same habitat a bird an alternative food cost specified via an asterisk next to its food cost, you may pay the alternative cost (which thus counts as paying the bird's <i>""normal food cost""</i>) instead of paying its food cost.",https://www.discord.com/channels/608588053052653580/693358238439047229/709127448922423368,"If this bird is played on top of a horizontal one (e.g., <strong applink=""/card/77"">Common Blackbird</strong>), it is also placed horizontally and occupies both columns.",https://www.stonemaiergames.com/games/wingspan/wingspan-european-expansion/,,,,,,,"In games where the Automa has drawn the <strong applink=""/card/1008"">Citizen Scientist</strong> bonus card, this bird qualifies for that bonus card.",https://www.facebook.com/groups/wingspanboardgame/permalink/507078829995724/?comment_id=507188399984767,"This bird counts toward the <strong applink=""/card/1013"">Falconer</strong> bonus card despite the specification of brown powers in that bonus card's entry in the Appendix.",https://www.boardgamegeek.com/thread/2153031/article/34459426#34459426,,,,,,
Eurasian Hoopoe,Upupa epops,asia,White,,Steal 1 [invertebrate] from each of your neighbors. Each neighbor from whom a [invertebrate] was stolen may gain 1 [wild] from the supply.,,,,7,Cavity,5,46,,X,,2,,,,1,,,,,3,,X,,,,,,,X,,,,,,,X,,,,X,X,,,,,,,,X,"You may activate this power if only one of your neighbors has a [invertebrate]. <br>In a 2-player game your opponent is both to your left and right. Because you only have 1 neighbor, only steal 1 [invertebrate] from that player.",383,"Whenever you are entitled to gain resources, you may choose to take some but not all of the quantity specified.",https://www.stonemaiergames.com/games/wingspan/rules/#comment-37710,,,,,,,,,,,,,,,,,,,,
Eurasian Jay,Garrulus glandarius,european,Brown,Food-related,Steal 1 [seed] from another player's supply and cache it on this bird. They gain 1 [die] from the birdfeeder.,,,,4,Bowl,3,56,X,,,1,1,,,,,1,,,3,,X,,,,,,X,X,,,,,X,,,X,,,,,,,X,,,,X,,The food that the other player gains does not have to be the same type stolen.,112,Regular reroll rules apply whenever you have the opportunity to gain food from the birdfeeder.,https://www.stonemaiergames.com/games/wingspan/rules/,"Whenever you are entitled to gain resources, you may choose to take some but not all of the quantity specified.",https://www.stonemaiergames.com/games/wingspan/rules/#comment-37710,,,,,,,,,,,,,,,,,,
Eurasian Kestrel,Falco tinnunculus,asia,Brown,,"Roll any 3 [die]. If you roll at least 1 [rodent], cache 1 [rodent] on this bird.",X,,,3,Cavity,3,68,X,X,X,,,,,1,,,,,1,,X,,,X,X,,,,,X,,,,X,X,,,,,X,,,,,,,,X,"If you roll more than 1 [rodent], cache only 1.",384,,,,,,,,,,,,,,,,,,,,,,
Eurasian Magpie,Pica pica,european,Teal,Food-related,"Choose 1 other player. For each action cube in their [grassland], cache 1 [wild] from the supply on any of your birds.",,,,1,Platform,3,56,,X,,1,,,,,,1,,,2,,X,,,X,,,,,,,,,,,,X,,X,X,,,,,,,,,X,These powers can be used to cache food on birds that otherwise do not have caching powers.,113,,,,,,,,,,,,,,,,,,,,,,
Eurasian Marsh-Harrier,Circus aeruginosus,asia,Brown,,"Up to 3 times, draw 1 [card] from the deck. When you stop, if the birds' total wingspan is less that 110 cm, tuck them behind this bird. If not, discard them.",X,,,2,Platform,3,130,,,X,,,,,1,,,,,1,,X,,,X,,,,,,X,,,,X,,,,X,,X,,X,,,,,X,,"These are push-your-luck powers: After each [card] draw, you check to see whether you succeeded or failed. Once you fail, this bird’s activation is over. You also may choose to end the bird’s activation at any time to avoid the risk of failing and losing what you have gained. <br>After each [card] draw, sum the wingspans of all [card] drawn so far. If the total is 110 cm or more, you failed. Discard all of the [card] you drew for this bird’s activation this turn. <br>If the total wingspan is still less than 110 cm, and you have drawn fewer than 3 during the current activation of this power, you may choose to draw another [card] or stop drawing and tuck all of the drawn [card] behind this bird. <br>If you draw a [card] with a wild wingspan (e.g., some in the Oceania Expansion)—marked with an asterisk (*) in place of a wingspan measurement—you can select any positive length for that bird’s wingspan.",385,"Whenever you are entitled to gain resources, you may choose to take some but not all of the quantity specified.",https://www.stonemaiergames.com/games/wingspan/rules/#comment-37710,,,,,,,,,,,,,,,,,,,,
Eurasian Nutcracker,Nucifraga caryocatactes,european,Brown,Food-related,Choose 1-5 birds in your [forest]. Cache 1 [seed] from your supply on each.,,,,5,Bowl,2,55,X,,,,1,,,,,,,,1,,X,,,,,,X,,,,,,X,,,,,,,,,,X,,X,,X,,These powers can be used to cache food on birds that otherwise do not have caching powers.,114,,,,,,,,,,,,,,,,,,,,,,
Eurasian Nuthatch,Sitta europaea,european,Brown,Food-related,"Gain 1 [seed] from the supply and cache it on this card. At any time, you may spend [seed] cached on this card.",,,,3,Cavity,3,25,X,,,1,1,,,,,,,,2,,X,,,X,,,X,,,,,,X,,X,,X,,,,,,,,,,X,,,115,You may only reroll dice when gaining food from the birdfeeder and not when gaining food from the supply.,https://www.boardgamegeek.com/thread/2208584/article/32288825#32288825,"Whenever you are entitled to gain resources, you may choose to take some but not all of the quantity specified.",https://www.stonemaiergames.com/games/wingspan/rules/#comment-37710,You may spend a [seed] cached on this bird anytime you can spend a [seed] from your supply.,https://www.facebook.com/groups/wingspanboardgame/permalink/486158122087795/?comment_id=486188425418098&reply_comment_id=486277005409240,,,,,,,"Food cached on this bird is <i>""used""</i> (for points) and hence does not count as unused food when breaking point ties while scoring.",https://www.boardgamegeek.com/thread/2361799/article/33951687#33951687,"When a bird with a <i>""copy""</i> power (e.g., the <strong applink=""/card/348"">Superb Lyrebird</strong>) copies this bird's power, that bird retains the ability to spend [seed] cached on it until the end of the turn but no longer.",https://www.facebook.com/groups/wingspanboardgame/permalink/714240602612878/?comment_id=714367625933509,,,,,,
Eurasian Sparrowhawk,Accipiter nisus,european,White,Hunting and Fishing,"For each [rodent] in this bird's cost, you may pay 1 [card] from your hand instead. If you do, tuck the paid [card] behind this card.",X,,,4,Platform,2,65,X,,,,,,,1,,,,X,1,,X,,,,,,,,,X,,,X,,,,,X,,X,,,,,X,,,X,"If these birds use their power to tuck cards instead of paying some or all of the bird’s food cost, this counts as both a) tucking a card and b) a predator succeeding, and triggers birds with pink powers accordingly.",116,"If you use a bird's power to play in the same habitat a bird an alternative food cost specified via an asterisk next to its food cost, you may pay the alternative cost (which thus counts as paying the bird's <i>""normal food cost""</i>) instead of paying its food cost.",https://www.discord.com/channels/608588053052653580/693358238439047229/709127448922423368,,,"This bird counts toward the <strong applink=""/card/1013"">Falconer</strong> bonus card despite the specification of brown powers in that bonus card's entry in the Appendix.",https://www.boardgamegeek.com/thread/2153031/article/34459426#34459426,,,,,,,,,,,,,,,,
Eurasian Tree Sparrow,Passer montanus,european,Pink,Food-related,"When another player takes the ""gain food"" action, gain 1 [seed] from the birdfeeder at the end of their turn.",,,,3,Cavity,4,21,X,X,,1,1,,,,,,,,2,,X,,,X,X,,X,,,,,,,,X,,X,,,,,,,,,,,X,"If all dice in the birdfeeder show the same face, you may reset it before gaining the specific food type. If the birdfeeder contains none of the specific food type, you gain nothing.",117,You may use a pink power during another player's turn after your last turn of the game.,https://www.boardgamegeek.com/thread/2145421/article/31177235#31177235,"You may activate each <i>""once between turns""</i> power on a bird on your player mat once between each of your turns.",https://www.facebook.com/groups/wingspanboardgame/permalink/312352352801707/?comment_id=312354036134872&reply_comment_id=312437246126551,,,You may not use a pink power during your turn (when an opponent performs an action that would otherwise enable using such a power).,https://www.facebook.com/groups/wingspanboardgame/permalink/499161054120835/?comment_id=499167897453484,"If a pink power is triggered by a player using the <i>""gain food""</i>, <i>""lay eggs""</i>, or <i>""draw bird cards""</i> action, the pink power is resolved after the player collects the resources indicated on the player mat but before any brown powers in the corresponding row are activated. If a pink power is triggered by another bird's power, the pink power is resolved after the other bird's power has been resolved.",https://www.boardgamegeek.com/thread/2397920/article/34412077#34412077,Regular reroll rules apply whenever you have the opportunity to gain food from the birdfeeder.,https://www.stonemaiergames.com/games/wingspan/rules/,,,,,"Whenever you are entitled to gain resources, you may choose to take some but not all of the quantity specified.",https://www.stonemaiergames.com/games/wingspan/rules/#comment-37710,,,,
Eurasian Treecreeper,Certhia familiaris,asia,Teal,,"For every 3 [egg] in your [forest], gain 1 [invertebrate] or [seed] from the supply. You may cache up to 2 of them on this bird.",,,,0,Bowl,3,20,X,,,1,1,,,,,,X,,1,,X,,,X,,,X,,,,,,X,,,,X,,,,,,X,,,,X,,"Count the eggs in the habitat specified, then divide by 3 and round down. Gain that many food from the supply. <br>These powers give a choice of food types. If you gain more than one food, you may mix the types.",386,You may only reroll dice when gaining food from the birdfeeder and not when gaining food from the supply.,https://www.boardgamegeek.com/thread/2208584/article/32288825#32288825,"Whenever you are entitled to gain resources, you may choose to take some but not all of the quantity specified.",https://www.stonemaiergames.com/games/wingspan/rules/#comment-37710,,,,,,,,,,,,,,,,,,
European Bee-Eater,Merops apiaster,european,Brown,Food-related,"Reset the birdfeeder. If you do, gain 1 [invertebrate] from the birdfeeder after resetting.",,,,3,Cavity,3,38,,X,,2,,,,,,,,,2,,X,,,X,,,,,,,,X,,,X,,,,X,,,,,,,,,X,"If the specified food type is not in the birdfeeder after the reset, you gain nothing.",118,Regular reroll rules apply whenever you have the opportunity to gain food from the birdfeeder.,https://www.stonemaiergames.com/games/wingspan/rules/,"Whenever you are entitled to gain resources, you may choose to take some but not all of the quantity specified.",https://www.stonemaiergames.com/games/wingspan/rules/#comment-37710,,,,,,,,,,,,,,,,,,
European Goldfinch,Carduelis carduelis,european,Pink,Flocking,"When another player tucks a [card] for any reason, tuck 1 [card] from the deck behind this bird.",,X,,6,Bowl,4,23,X,X,,,2,,1,,,,,,3,,X,,X,,X,X,X,X,,,,,,,,,X,,,,X,,X,,,,,X,,119,You may use a pink power during another player's turn after your last turn of the game.,https://www.boardgamegeek.com/thread/2145421/article/31177235#31177235,"You may activate each <i>""once between turns""</i> power on a bird on your player mat once between each of your turns.",https://www.facebook.com/groups/wingspanboardgame/permalink/312352352801707/?comment_id=312354036134872&reply_comment_id=312437246126551,"This bird counts toward the <strong applink=""/card/1004"">Bird Counter</strong> bonus card despite the specification of brown powers in that bonus card's entry in the Appendix.",https://www.boardgamegeek.com/thread/2153031/article/34459426#34459426,You may not use a pink power during your turn (when an opponent performs an action that would otherwise enable using such a power).,https://www.facebook.com/groups/wingspanboardgame/permalink/499161054120835/?comment_id=499167897453484,"If a pink power is triggered by a player using the <i>""gain food""</i>, <i>""lay eggs""</i>, or <i>""draw bird cards""</i> action, the pink power is resolved after the player collects the resources indicated on the player mat but before any brown powers in the corresponding row are activated. If a pink power is triggered by another bird's power, the pink power is resolved after the other bird's power has been resolved.",https://www.boardgamegeek.com/thread/2397920/article/34412077#34412077,,,,,,,,,,,,
European Honey Buzzard,Pernis apivorus,european,Teal,Food-related,"Reset the birdfeeder. If you do, gain all [invertebrate] in the birdfeeder after resetting.",,,,4,Platform,1,134,X,,,1,,,,,,1,,,2,,X,,,,,,,,,,,,X,X,,X,,X,,,,,,,X,,,X,"If the specified food type is not in the birdfeeder after the reset, you gain nothing.",120,Regular reroll rules apply whenever you have the opportunity to gain food from the birdfeeder.,https://www.stonemaiergames.com/games/wingspan/rules/,"Whenever you are entitled to gain resources, you may choose to take some but not all of the quantity specified.",https://www.stonemaiergames.com/games/wingspan/rules/#comment-37710,"As of the release of the Oceania Expansion, <i>honey</i> is no longer a keyword for the <strong applink=""/card/1023"">Photographer</strong> bonus card, and hence this bird no longer qualifies for it.",Oceania Expansion rulebook,,,,,,,,,,,,,,,,
European Robin,Erithacus rubecula,european,Brown,Food-related,"From the supply, gain 1 food of a type you already gained this turn.",,,,4,Bowl,4,22,X,,,1,1,,1,,,,,,3,,X,,,,,,X,X,,,,,X,,,,X,,,,X,,X,,,,X,,"This may be a food that was gained from the birdfeeder as a result of the base “gain food” action, or a food that was gained by activating another bird in this row.",121,You may only reroll dice when gaining food from the birdfeeder and not when gaining food from the supply.,https://www.boardgamegeek.com/thread/2208584/article/32288825#32288825,"Whenever you are entitled to gain resources, you may choose to take some but not all of the quantity specified.",https://www.stonemaiergames.com/games/wingspan/rules/#comment-37710,,,,,,,,,,,,,,,,,,
European Roller,Coracias garrulus,european,White,Other,"Place this bird sideways, so that it covers 2 [grassland] spaces. Pay the lower egg cost.",,,,3,Cavity,2,70,,X,,1,,,,1,,,,,2,,X,,,X,,,,,,,,,,X,X,,,,X,X,,,,,X,,,X,"These birds still count as just 1 bird for round-end goals that count birds. But both spaces are filled, so they can count twice toward the “completed columns” round-end goal. <br>These birds can still be played like any other bird in the 5th column, forgoing their power. <br>The next bird you play in this habitat is placed to the right of this bird.",122,A bird played horizontally qualifies for one of <strong>Beak pointing left/right</strong> end-of-round goals if and only if it would count were the card played in its vertical orientation.,https://www.facebook.com/groups/wingspanboardgame/permalink/723516585018613/?comment_id=723543355015936,,,"If a bird (e.g., <strong applink=""/card/78"">Common Buzzard</strong>) is played on top of this one, the top bird is also placed horizontally and occupies both columns.",https://www.stonemaiergames.com/games/wingspan/wingspan-european-expansion/,,,,,,,,,,,,,,,,
European Turtle Dove,Streptopelia turtur,european,White,Other,"Draw 1 new bonus card. Then gain 1 [die] from the birdfeeder, lay 1 [egg] on any bird, or draw 1 [card].",,,X,4,Platform,1,51,X,X,X,,2,,,,,,,,2,,X,,,,X,,X,,,,,,,,,,,X,,,,,,,X,X,,X,You may look at the bonus card you drew before doing the second part of these actions.,123,Regular reroll rules apply whenever you have the opportunity to gain food from the birdfeeder.,https://www.stonemaiergames.com/games/wingspan/rules/,"Whenever you are entitled to gain resources, you may choose to take some but not all of the quantity specified.",https://www.stonemaiergames.com/games/wingspan/rules/#comment-37710,,,,,,,,,,,,,,,,,,
Ferruginous Hawk,Buteo regalis,originalcore,Brown,Hunting/Fishing,"Roll all dice not in birdfeeder. If any are [rodent], gain 1 [rodent] and cache it on this card.",X,,,6,Platform,2,142,,X,,,,,,2,,,,,2,,,,X,,,,,,,X,,,,X,,,,X,X,X,,,,,X,,,X,"Birds that eat rodents or fish roll all dice that are not in the birdfeeder. (Note that you will never roll more than 4 dice, because when all 5 dice are out of the birdfeeder it must reset immediately.) Roll dice on the table; they do not go back into the birdfeeder. If one or more dice show the specified type, take at most 1 token of that type from the supply and cache it on your card (see “Caching food”). Each token on a bird card is worth 1 point at the end of the game.",124,"Whenever you are entitled to gain resources, you may choose to take some but not all of the quantity specified.",https://www.stonemaiergames.com/games/wingspan/rules/#comment-37710,,,,,,,,,,,,,,,,,,,,
Fire-Fronted Serin,Serinus pusillus,asia,Teal,,Lay 1 [egg] on this bird for each bird to its left in this row.,,,,1,Bowl,4,21,X,X,,,1,,1,,,,,,2,,,,X,X,X,,X,,,,,,,,,,X,,,,X,,X,,,,,X,,387,"Whenever you are entitled to gain resources, you may choose to take some but not all of the quantity specified.",https://www.stonemaiergames.com/games/wingspan/rules/#comment-37710,,,,,,,,,,,,,,,,,,,,
Fish Crow,Corvus ossifragus,originalcore,Brown,Food from Supply,Discard 1 [egg] from any of your other birds to gain 1 [wild] from the supply.,,,,6,Platform,2,91,X,X,X,,,1,,,,1,,,2,,,,,,X,,,,,,X,,,X,,X,,X,,,,,,,X,,,X,These birds are all known for eating eggs from other birds’ nests. You must have laid an egg on another bird before you can use these powers. Discard the egg to the supply.,125,"<i>""Discarding""</i> food while resolving a bird power counts as <i>""spending""</i>.",https://www.discord.com/channels/608588053052653580/693358238439047229/778341560205967380,You may only reroll dice when gaining food from the birdfeeder and not when gaining food from the supply.,https://www.boardgamegeek.com/thread/2208584/article/32288825#32288825,,,"Whenever you are entitled to gain resources, you may choose to take some but not all of the quantity specified.",https://www.stonemaiergames.com/games/wingspan/rules/#comment-37710,,,,,,,,,,,,,,
Forest Owlet,Athene blewitti,asia,Brown,,"Choose any 2 [die]. Roll them up to 3 times. Each time, if you roll at least 1 [invertebrate] or [rodent], cache 1 here. If not, stop and return all food cached here this turn.",X,,,4,Cavity,2,56,X,,,1,,,,1,,,,,2,,X,,,,,,,,,X,,,X,,X,,,,,X,,,,,X,,,,"These are push-your-luck powers: After each roll, you check to see whether you succeeded or failed. Once you fail, this bird’s activation is over. You also may choose to end the bird’s activation at any time to avoid the risk of failing and losing what you have gained. <br>If you failed, you must stop and return all food cached by this bird during the current activation of this power. <br>If you succeeded, cache 1 food on this bird from the supply (do not cache more than one food after each roll). Then, if you have rolled fewer than 3 times during the current activation of this power, decide whether to roll again.",388,,,,,,,,,,,,,,,,,,,,,,
Forster's Tern,Sterna forsteri,originalcore,Brown,Card-drawing,"Draw 1 [card]. If you do, discard 1 [card] from your hand at the end of your turn.",,,,4,Wild,2,79,,,X,1,,1,,,,,X,,1,,,X,,,,,,,X,,X,,,X,X,,,X,,,,X,X,,X,,X,,"This power adds cards to the wetland’s draw card(s) action, but it has a cost. The next player may start their turn while you are deciding which card(s) to discard.",126,"You may perform an action even if it precludes you from performing an action required at the end of your turn (e.g., discarding a [card] from your hand at the end of a turn in which you activated the <strong applink=""/card/31"">Black Tern</strong>'s power).",https://www.facebook.com/groups/wingspanboardgame/permalink/397335327636742/?comment_id=397350010968607,"If you perform more than one action <i>""at the end of your turn""</i>, you may perform those actions in any order.",https://www.facebook.com/groups/wingspanboardgame/permalink/414814145888860/?comment_id=415023839201224&reply_comment_id=415302489173359,,,"Whenever you are entitled to gain resources, you may choose to take some but not all of the quantity specified.",https://www.stonemaiergames.com/games/wingspan/rules/#comment-37710,,,,,,,,,,,,,,
Franklin's Gull,Leucophaeus pipixcan,originalcore,Brown,Card-drawing,Discard 1 [egg] to draw 2 [card].,,,,3,Wild,2,91,,X,X,,,1,,,,1,,,2,,,X,,X,X,,,,X,,X,,,X,X,X,,X,,,,,X,,X,,,X,"This power adds cards to the wetland’s draw card(s) action, but it has a cost. Discard an egg to the supply. You cannot use this power if you have not laid any eggs yet.",127,"<i>""Discarding""</i> food while resolving a bird power counts as <i>""spending""</i>.",https://www.discord.com/channels/608588053052653580/693358238439047229/778341560205967380,"Whenever you are entitled to gain resources, you may choose to take some but not all of the quantity specified.",https://www.stonemaiergames.com/games/wingspan/rules/#comment-37710,,,,,,,,,,,,,,,,,,
Galah,Eolophus roseicapilla,oceania,Brown,Hunting and fishing,"Choose 1 other player. They reset the birdfeeder and gain a [seed], if there is one. You tuck 2 [card] from the deck behind this bird.",,X,,5,Cavity,2,75,X,X,,,3,,,,,,,,3,,,,,,X,X,X,X,,,,,,X,X,,,,,,,,,,X,,,X,,287,"Whenever you are entitled to gain resources, you may choose to take some but not all of the quantity specified.",https://www.stonemaiergames.com/games/wingspan/rules/#comment-37710,,,,,,,,,,,,,,,,,,,,
Goldcrest,Regulus regulus,european,Brown,Other,"Discard 1 [card] from your hand. If you do, play another bird in your [forest]. Pay its normal food and egg cost.",,,,1,Bowl,6,15,X,,,1,,,,,,,,,1,X,,,X,X,,,,,,,,X,X,,,,X,,,,,,X,,,,,X,"If the additional bird has a “when played” power, it is triggered when the bird is played.",128,"You may substitute 2 [wild] for any 1 food in a bird's food cost whenever you play a bird, including outside the scope of the <i>""play a bird""</i> action.",https://www.facebook.com/groups/wingspanboardgame/?post_id=592455651458041&comment_id=592685648101708&reply_comment_id=592771751426431,,,"Using this bird's power to play a bird in your [forest] triggers the power of the <strong applink=""/card/104"">Eastern Kingbird</strong> on another player's player mat, despite the <strong applink=""/card/104"">Eastern Kingbird</strong>'s entry in the Appendix.",https://www.facebook.com/groups/wingspanboardgame/?post_id=592581981445408&comment_id=592771208093152,,,,,,,,,,,,,,,,
Golden Eagle,Aquila chrysaetos,originalcore,Brown,Hunting/Fishing,"Look at a [card] from the deck. If <100cm, tuck it behind this bird. If not, discard it.",X,,,8,Platform,1,201,,X,X,,,,,3,,,,,3,,,,X,,X,,,X,,X,,,,X,,,,X,,X,,,,,X,,,X,"These birds eat other birds. Look at the wingspan of the top card of the deck and compare it to their hunting power. <br>If the wingspan of the top card in the deck is less than the bird’s hunting power, tuck that card to signify that your predator hunted successfully. Each tucked card is worth 1 point at the end of the game. <br>If the wingspan of the top card is equal to or larger than your predator’s power, discard the card instead.",129,,,,,"This bird counts toward the <strong applink=""/card/1023"">Photographer</strong> bonus card.",https://www.boardgamegeek.com/thread/2246435/article/32571727#32571727,,,,,,,,,,,,,,,,
Golden Pheasant,Chrysolophus pictus,asia,White,,All players lay 2 [egg]. You lay 2 additional [egg].,,,,5,Ground,4,70,X,X,,,,,,,,3,,,3,,,,X,,X,,,X,X,,,,,X,,X,,,,,,,,,,,,X,Each player may lay their eggs on as many or as few birds as they like.,389,"Whenever you are entitled to gain resources, you may choose to take some but not all of the quantity specified.",https://www.stonemaiergames.com/games/wingspan/rules/#comment-37710,,,,,,,,,,,,,,,,,,,,
Golden-Headed Cisticola,Cisticola exilis,oceania,White,,Play another bird in your [grassland]. Pay its normal cost with a 1 [egg] discount.,,,,1,Wild,3,15,,X,,1,,,,,,,,,1,X,,,X,X,,,,,X,,,X,,,X,,X,X,X,,,,X,,,,X,,,288,"You may substitute 2 [wild] for any 1 food in a bird's food cost whenever you play a bird, including outside the scope of the <i>""play a bird""</i> action.",https://www.facebook.com/groups/wingspanboardgame/?post_id=592455651458041&comment_id=592685648101708&reply_comment_id=592771751426431,,,,,,,,,,,,,,,,,,,,
Gould's Finch,Erythrura gouldiae,oceania,Yellow,Flocking,"Play a bird. Pay its normal food and egg cost. If it has a ""when played"" or ""game end"" power, you may use it.",,,,3,Cavity,3,14,X,X,X,,1,,,,,,,,1,,,X,,X,X,,X,,,,,,,,X,,X,,,,,,,,,,,X,"The bird’s normal cost includes the egg cost of the column that you play it into.<br><br> As usual, you cannot activate other types of bird powers (such as “round end” powers) when you play a bird with this action.",289,"You may substitute 2 [wild] for any 1 food in a bird's food cost whenever you play a bird, including outside the scope of the <i>""play a bird""</i> action.",https://www.facebook.com/groups/wingspanboardgame/?post_id=592455651458041&comment_id=592685648101708&reply_comment_id=592771751426431,,,,,,,,,,,,,,,,,,,,
Graceful Prinia,Prinia gracilis,asia,Brown,,"Discard 1 [egg]. If you do, gain 1 [invertebrate] from the supply.",,,,5,Wild,2,13,,X,X,2,,,,,,,,,2,,,,,,X,,,,X,,,X,,,X,,X,X,,,,,X,,X,,,X,The egg can come from any of your birds.,390,"<i>""Discarding""</i> food while resolving a bird power counts as <i>""spending""</i>.",https://www.discord.com/channels/608588053052653580/693358238439047229/778341560205967380,You may only reroll dice when gaining food from the birdfeeder and not when gaining food from the supply.,https://www.boardgamegeek.com/thread/2208584/article/32288825#32288825,,,"Whenever you are entitled to gain resources, you may choose to take some but not all of the quantity specified.",https://www.stonemaiergames.com/games/wingspan/rules/#comment-37710,,,,,,,,,,,,,,
Grandala,Grandala coelicolor,asia,Brown,,"If you laid an [egg] on this bird this turn, tuck 1 [card] from the deck behind this bird.",,X,,5,Bowl,2,36,,X,,1,,,1,,,,,,2,,,,,,,X,,,,,,,,,,,,,X,,X,,X,,X,,,X,"The egg must have been laid before activating this card. If you use another card to copy the effect of the Grandala, test whether you laid an egg on that card instead.",391,,,,,,,,,,,,,,,,,,,,,,
Grasshopper Sparrow,Ammodramus savannarum,originalcore,Brown,Egg-laying,Lay 1 [egg] on any bird.,,,,2,Ground,2,20,,X,,1,1,,,,,,X,,1,,,,,X,,,X,,X,,,,,,,,X,,X,,,,,,X,,X,,,130,"Whenever you are entitled to gain resources, you may choose to take some but not all of the quantity specified.",https://www.stonemaiergames.com/games/wingspan/rules/#comment-37710,,,,,,,,,,,,,,,,,,,,
Gray Catbird,Dumetella carolinensis,originalcore,Brown,Other,Repeat a brown power on one other bird in this habitat.,,,,5,Bowl,3,28,X,X,X,1,,,2,,,,,,3,,,,X,,X,,,X,,,,,,,,,X,,,,X,,X,,,,X,,A few birds have the power to repeat another bird’s brown power. The repeated bird must be in the same habitat.,131,,,,,"This bird's power activates another bird's brown power, and it may activate a bird's power regardless of whether that bird is to the left or right of this bird.",https://www.boardgamegeek.com/thread/2139859/article/31096068#31096068,,,,,,,"When this bird repeats the power of a bird with a <i>""copy""</i> power (e.g., the <strong applink=""/card/348"">Superb Lyrebird</strong>), this bird repeats the copying power printed on that bird and not any powers that bird copied earlier in the turn.",https://www.facebook.com/groups/wingspanboardgame/permalink/714240602612878/?comment_id=714367625933509&reply_comment_id=715341599169445,,,,,,,,
Gray Wagtail,Motacilla cinerea,asia,Teal,,"If you used all 4 types of action this round, gain 2 [wild] from the supply.",,,,3,Bowl,4,26,X,X,X,2,,,,,,,,,2,X,,,X,X,X,,,,,,,X,,,,,X,,,,,,X,,,,,X,It is important to keep action cubes in the left column of the action taken throughout each round.,392,You may only reroll dice when gaining food from the birdfeeder and not when gaining food from the supply.,https://www.boardgamegeek.com/thread/2208584/article/32288825#32288825,"Whenever you are entitled to gain resources, you may choose to take some but not all of the quantity specified.",https://www.stonemaiergames.com/games/wingspan/rules/#comment-37710,,,,,,,,,,,,,,,,,,
Great Blue Heron,Ardea herodias,originalcore,White,Other,Play a second bird in your [wetland]. Pay its normal cost.,,,,5,Platform,2,183,,,X,1,,1,,,,,,,2,,,,X,,,,,,,,X,,,X,,,,X,,,,X,,,X,,,X,"Play another bird into the same habitat. You must follow all other rules about how to play birds: it must be a bird that can live in that habitat, and you must discard the food and egg cost for that bird. <br>The birds with this power all are known for spending time in mixed flocks with multiple bird species. Research has shown this can have benefits such as help finding food and being alerted about predators.",132,"You may substitute 2 [wild] for any 1 food in a bird's food cost whenever you play a bird, including outside the scope of the <i>""play a bird""</i> action.",https://www.facebook.com/groups/wingspanboardgame/?post_id=592455651458041&comment_id=592685648101708&reply_comment_id=592771751426431,,,"If you use this bird's power to play another bird with a <i>""play a second bird""</i> power, you may then use the latter bird's power to play yet another bird.",https://www.stonemaiergames.com/games/wingspan/rules/#comment-31474,,,,,,,,,,,,,,,,
Great Cormorant,Phalacrocorax carbo,asia,Brown,,"You may move 1 [fish] from this bird to your supply. Then, roll any 2 [die]. If any one [fish], cache 1 [fish] on this bird from the supply.",X,,,6,Platform,2,145,,,X,,,2,,,,,,,2,,,,,,,,,,,X,X,,,X,,,,X,,,,X,,,X,,,X,,393,,,,,,,,,,,,,,,,,,,,,,
Great Crested Flycatcher,Myiarchus crinitus,originalcore,Brown,Food from Birdfeeder,"Gain 1 [invertebrate] from the birdfeeder, if there is one.",,,,5,Cavity,3,33,X,,,1,,,1,,,,,,2,X,,,,,,,,,,,,,X,,X,,,,,,X,,,,,,,X,,133,Regular reroll rules apply whenever you have the opportunity to gain food from the birdfeeder.,https://www.stonemaiergames.com/games/wingspan/rules/,"Whenever you are entitled to gain resources, you may choose to take some but not all of the quantity specified.",https://www.stonemaiergames.com/games/wingspan/rules/#comment-37710,"When using this bird's power, if all [die] in the birdfeeder show the same face you may reroll before taking food.",https://www.stonemaiergames.com/games/wingspan/rules/#comment-30543,,,,,,,,,,,,,,,,
Great Crested Grebe,Podiceps cristatus,european,Brown,Card-drawing,"Draw 1 [card] for each empty card slot in this row. At the end of your turn, keep 1 and discard the rest.",,,,3,Wild,2,65,,,X,,,2,,,,,,,2,X,,,,X,,,,,X,,X,,,,X,,,X,,,,X,X,,X,,X,,"These cards should be kept separate from the other cards you draw and your bird cards in hand. They cannot be spent during this turn. But to keep the game moving, you can sort through them at the end of your turn and let the next player start their turn.",134,"You may perform an action even if it precludes you from performing an action required at the end of your turn (e.g., discarding a [card] from your hand at the end of a turn in which you activated the <strong applink=""/card/31"">Black Tern</strong>'s power).",https://www.facebook.com/groups/wingspanboardgame/permalink/397335327636742/?comment_id=397350010968607,"If you perform more than one action <i>""at the end of your turn""</i>, you may perform those actions in any order.",https://www.facebook.com/groups/wingspanboardgame/permalink/414814145888860/?comment_id=415023839201224&reply_comment_id=415302489173359,,,"Whenever you are entitled to gain resources, you may choose to take some but not all of the quantity specified.",https://www.stonemaiergames.com/games/wingspan/rules/#comment-37710,,,,,,,,,,,,,,
Great Egret,Ardea alba,originalcore,White,Other,Play a second bird in your [wetland]. Pay its normal cost.,,,,7,Platform,3,130,,,X,,,2,,1,,,,,3,,,,,,,,,X,,,X,,,X,,,,X,,X,,X,,,,,,X,"Play another bird into the same habitat. You must follow all other rules about how to play birds: it must be a bird that can live in that habitat, and you must discard the food and egg cost for that bird. <br>The birds with this power all are known for spending time in mixed flocks with multiple bird species. Research has shown this can have benefits such as help finding food and being alerted about predators.",135,"You may substitute 2 [wild] for any 1 food in a bird's food cost whenever you play a bird, including outside the scope of the <i>""play a bird""</i> action.",https://www.facebook.com/groups/wingspanboardgame/?post_id=592455651458041&comment_id=592685648101708&reply_comment_id=592771751426431,,,"If you use this bird's power to play another bird with a <i>""play a second bird""</i> power, you may then use the latter bird's power to play yet another bird.",https://www.stonemaiergames.com/games/wingspan/rules/#comment-31474,,,,,,,,,,,,,,,,
Great Hornbill,Buceros bicornis,asia,Brown,,All players may tuck a [card] from their hand under a bird in their [forest] and/or cache 1 [fruit] from their supply on a bird in their [forest].,,X,,9,Cavity,2,160,X,,,1,,,2,,,,,,3,X,,,,,,X,,X,,,,,X,X,X,,,,,,X,,,,X,,,X,,394,,,,,,,,,,,,,,,,,,,,,,
Great Horned Owl,Bubo virginianus,originalcore,Brown,Hunting/Fishing,"Look at a [card] from the deck. If <100cm, tuck it behind this bird. If not, discard it.",X,,,8,Platform,2,112,X,,,,,,,3,,,,,3,,,,,,,,,X,,X,,,X,X,,,,X,,X,,,,,X,,,X,"These birds eat other birds. Look at the wingspan of the top card of the deck and compare it to their hunting power. <br>If the wingspan of the top card in the deck is less than the bird’s hunting power, tuck that card to signify that your predator hunted successfully. Each tucked card is worth 1 point at the end of the game. <br>If the wingspan of the top card is equal to or larger than your predator’s power, discard the card instead.",136,,,,,,,,,,,,,,,,,,,,,,
Great Indian Bustard,Ardeotis nigriceps,asia,White,,Score 1 of your bonus cards now by caching 1 [seed] from the supply on this bird for each point. Also score it normally at game end.,,,X,6,Ground,1,230,,X,,,2,,,,,1,,,3,,X,,,,,,X,X,X,,,,,X,,X,,,X,,,,,,X,X,,X,"These powers use cached food to record how many points a bonus card is worth at the time of activation. It is normal cached food for other purposes, such as the Pellet Dissector bonus card.",395,,,,,,,,,,,,,,,,,,,,,,
Great Spotted Woodpecker,Dentrocopos major,asia,Brown,,"Gain 1 [invertebrate] or [seed] from the birdfeeder, if there is one.",,,,6,Cavity,3,41,X,,,1,1,,1,,,,,,3,,,,,,,,X,X,,,,,X,,X,,,,,,X,,,,,,,X,"If all dice in the birdfeeder show the same face, you may reset it before gaining the [specified food type]. If the birdfeeder contains none of the [specified food type], you gain nothing.",396,Regular reroll rules apply whenever you have the opportunity to gain food from the birdfeeder.,https://www.stonemaiergames.com/games/wingspan/rules/,"Whenever you are entitled to gain resources, you may choose to take some but not all of the quantity specified.",https://www.stonemaiergames.com/games/wingspan/rules/#comment-37710,,,,,,,,,,,,,,,,,,
Great Tit,Parus major,european,Brown,Food-related,"Reset the birdfeeder. If you do, gain 1 [die] from the birdfeeder after resetting.",,,,4,Cavity,6,24,X,,,1,1,,1,,,,,,3,,,,,,,,X,X,,,,,X,,X,,X,,,,X,,,,,,X,,,137,Regular reroll rules apply whenever you have the opportunity to gain food from the birdfeeder.,https://www.stonemaiergames.com/games/wingspan/rules/,"Whenever you are entitled to gain resources, you may choose to take some but not all of the quantity specified.",https://www.stonemaiergames.com/games/wingspan/rules/#comment-37710,,,,,,,,,,,,,,,,,,
Greater Adjutant,Leptoptilos dubius,asia,Yellow,,"Copy one bonus card of the player on your left, as if it were your own (score it based on your own birds).",,,X,4,Platform,2,261,,,X,,,1,,,,2,,,3,,,,,,,,,X,,,X,,,X,,X,,X,,,,X,,,X,X,,X,"If you are playing with bonus cards hidden from other players, when this power is activated, the player reveals to you their bonus cards. <br>In a 2-player game, the Greater Adjutant and the Indian Vulture may both copy the same bonus card.",397,,,,,,,,,,,,,,,,,,,,,,
Greater Flamingo,Phoenicopterus roseus,european,Brown,Flocking,"Choose 1 other player. For each action cube on their [wetland], tuck 1 [card] from your hand behind this bird, then draw an equal number of [card].",,X,,3,Ground,1,152,,,X,1,2,,,,,,,,3,,,,,X,,X,X,X,X,,,,,X,,,,,,,,X,,,X,,,X,You may tuck cards up to the number of action cubes.,138,"Whenever you are entitled to gain resources, you may choose to take some but not all of the quantity specified.",https://www.stonemaiergames.com/games/wingspan/rules/#comment-37710,,,This bird's power is brown despite its entry in the <i>European Expansion</i> rulebook appendix.,https://www.facebook.com/groups/wingspanboardgame/permalink/448650129171928/?comment_id=448787489158192,,,,,,,"Since this power is brown, when activating it in a game against the Automa the Automa always has zero action cubes in its [wetland].",https://www.boardgamegeek.com/thread/2331577/article/33966554#33966554,,,,,,,,
Greater Prairie Chicken,Tympanuchus cupido,originalcore,White,Other,Draw 2 new bonus cards and keep 1.,,,X,5,Ground,4,71,,X,,1,2,,,,,,,,3,,X,,,,,,X,X,X,,,,,X,,,,,X,,,,,,,X,,X,"Draw two goal cards, pick the one you want to keep, and discard the other. If the deck of goal cards is ever exhausted, shuffle the discards to form a new face-down deck. <br>The birds with this power are all threatened or endangered, or conservationists are concerned that they soon will be because of a declining trend in their population.",139,"Whenever you are entitled to gain resources, you may choose to take some but not all of the quantity specified.",https://www.stonemaiergames.com/games/wingspan/rules/#comment-37710,,,"This bird counts toward the <strong applink=""/card/1007"">Cartographer</strong> bonus card. (In early printings that bonus card did list include the keyword <i>prairie</i>.)",https://www.stonemaiergames.com/games/wingspan/rules/,,,,,,,,,,,,,,,,
Greater Roadrunner,Geococcyx californianus,originalcore,Brown,Hunting/Fishing,"Look at a [card] from the deck. If <50cm, tuck it behind this bird. If not, discard it.",X,,,7,Platform,2,56,,X,,1,,,,1,,1,,,3,,,,,,,,,X,,X,,,,,,X,,X,X,X,,,,,X,,X,,"These birds eat other birds. Look at the wingspan of the top card of the deck and compare it to their hunting power. <br>If the wingspan of the top card in the deck is less than the bird’s hunting power, tuck that card to signify that your predator hunted successfully. Each tucked card is worth 1 point at the end of the game. <br>If the wingspan of the top card is equal to or larger than your predator’s power, discard the card instead.",140,,,,,,,,,,,,,,,,,,,,,,
Green Bee-Eater,Merops orientalis,asia,Brown,,"If there is at least 1 bird on the tray that has [invertebrate] in its food cost, tuck 1 of them behind this bird.",,X,,4,Wild,3,29,X,X,,3,,,,,,,,,3,,,,X,,X,X,,X,X,,,X,,,X,,X,X,,,,,X,,,,,X,,398,,,,,,,,,,,,,,,,,,,,,,
Green Heron,Butorides virescens,originalcore,Brown,Food from Supply,Trade 1 [wild] for any other [wild] from the supply.,,,,4,Platform,3,66,,,X,1,,1,,,,,X,,1,,,,X,,,,,,,,X,,,X,,,,X,,,,X,,,,,,X,,141,,,,,"<i>""Trading""</i> counts as <i>""spending""</i>.",https://www.facebook.com/groups/wingspanboardgame/?post_id=589893495047590&comment_id=589910088379264,,,,,,,You may not use this bird's power to trade a food token for a food token of the same type.,https://www.facebook.com/groups/wingspanboardgame/?post_id=591878014849138&comment_id=591932641510342&reply_comment_id=594264341277172,,,,,,,,
Green Pheasant,Phasianus colchicus versicolor,asia,Brown,,All players lay 1 [egg].,,,,7,Ground,5,80,,X,X,1,1,,1,,,,,,3,,,,X,,X,,X,X,X,,,,,X,,,,,,,X,,,,,,X,,You may lay the [egg] on any bird.,399,"Whenever you are entitled to gain resources, you may choose to take some but not all of the quantity specified.",https://www.stonemaiergames.com/games/wingspan/rules/#comment-37710,,,,,,,,,,,,,,,,,,,,
Green Pygmy-Goose,Nettapus pulchellus,oceania,Brown,Food-related,Draw 2 [card] from the deck. Keep 1 and give the other to another player.,,,,4,Cavity,4,54,,,X,,2,,,,,,,,2,,,,X,,,,X,,,,,,,,X,,,,,,,X,,,,,X,,,290,"Whenever you are entitled to gain resources, you may choose to take some but not all of the quantity specified.",https://www.stonemaiergames.com/games/wingspan/rules/#comment-37710,,,,,,,,,,,,,,,,,,,,
Grey Butcherbird,Cracticus torquatus,oceania,Brown,Hunting and fishing,"Look at a [card] from the deck. If its wingspan is less than 40cm, tuck it behind this bird and cache 1 [rodent] from the supply on this bird. If not, discard it.",X,,,5,Bowl,2,40,X,X,X,1,,,,1,,1,,,3,,,,X,,X,,,X,,X,,,,,,X,,,,X,,,X,,X,,,X,,291,,,,,,,,,,,,,,,,,,,,,,
Grey Heron,Ardea cinerea,european,White,Other,"Place this bird sideways, so that it covers 2 [wetland] spaces. Pay the lower egg cost.",,,,3,Platform,2,185,,,X,,,2,,,,,,,2,,,,X,X,,,,,,,X,,,X,,,,X,,,,X,,,X,,,X,"These birds still count as just 1 bird for round-end goals that count birds. But both spaces are filled, so they can count twice toward the “completed columns” round-end goal. <br>These birds can still be played like any other bird in the 5th column, forgoing their power. <br>The next bird you play in this habitat is placed to the right of this bird.",142,A bird played horizontally qualifies for one of <strong>Beak pointing left/right</strong> end-of-round goals if and only if it would count were the card played in its vertical orientation.,https://www.facebook.com/groups/wingspanboardgame/permalink/723516585018613/?comment_id=723543355015936,,,"If a bird (e.g., <strong applink=""/card/78"">Common Buzzard</strong>) is played on top of this one, the top bird is also placed horizontally and occupies both columns.",https://www.stonemaiergames.com/games/wingspan/wingspan-european-expansion/,,,,,,,,,,,,,,,,
Grey Shrikethrush,Colluricincla harmonica,oceania,Brown,Egg-laying,"Reset the birdfeeder and gain all [rodent], if there are any. You may cache any or all of them on this bird.",X,,,2,Bowl,3,26,X,,,1,,,,1,,,X,,1,,,,X,X,,,,,,X,,,X,,,,X,,,X,,,X,,,,X,,"Remove the dice from the birdfeeder when you gain the food, as you would normally.",292,"Whenever you are entitled to gain resources, you may choose to take some but not all of the quantity specified.",https://www.stonemaiergames.com/games/wingspan/rules/#comment-37710,,,,,,,,,,,,,,,,,,,,
Grey Teal,Anas gracilis,oceania,Brown,Other,"Look at 3 [card] from the deck. Keep 1 [wetland] bird, if there is one. You may add it to your hand or tuck it behind this bird. Discard the other cards.",,X,,2,Ground,5,64,,,X,1,1,,,,,,,,2,,,,X,X,,X,X,,X,,,,,,,,,,,,,X,,,,,X,,,293,,,,,,,,,,,,,,,,,,,,,,
Grey Warbler,Gerygone igata,oceania,White,,Play another bird in your [forest]. Pay its normal cost with a 1 [egg] discount.,,,,1,Wild,3,16,X,,,1,1,,1,,,,X,,1,,,,X,X,,,X,,X,,,,X,,X,,X,X,,,X,,X,,,,,X,,294,"You may substitute 2 [wild] for any 1 food in a bird's food cost whenever you play a bird, including outside the scope of the <i>""play a bird""</i> action.",https://www.facebook.com/groups/wingspanboardgame/?post_id=592455651458041&comment_id=592685648101708&reply_comment_id=592771751426431,,,,,,,,,,,,,,,,,,,,
Grey-Headed Mannikin,Lonchura caniceps,oceania,Yellow,Hunting and fishing,"Play a bird. Pay its normal food cost, but ignore 1 [egg] in its egg cost. If it has a ""when played"" or ""game end"" power, you may use it.",,,,2,Wild,3,15,,X,,,1,,,,,,,,1,X,,,X,X,,,X,,X,,,,,,X,,X,X,X,,,,X,,,,,X,"As usual, you cannot activate other types of bird powers (such as “round end” powers) when you play a bird with this action.<br><br>You will have already discarded nectar when the Grey-Headed Mannikin is activated, so if you want to use it to play a bird with a nectar cost, you will need to use the 2:1 food conversion to obtain the nectar.",295,"You may substitute 2 [wild] for any 1 food in a bird's food cost whenever you play a bird, including outside the scope of the <i>""play a bird""</i> action.",https://www.facebook.com/groups/wingspanboardgame/?post_id=592455651458041&comment_id=592685648101708&reply_comment_id=592771751426431,,,,,,,,,,,,,,,,,,,,
Greylag Goose,Anser anser,european,Teal,Other,"This bird counts double toward the end-of-round goal, if it qualifies for the goal.",,,,7,Ground,2,164,,,X,,3,,,,,,,,3,,,,X,,,,X,X,X,,,,,X,,,,,,,,X,,,X,,X,,"These birds are doubled only for end-of-round goals, not bonus cards or points at the end of the game. <br>Eggs on these cards are not doubled, if the goal is counting the number of eggs.",143,"Only powers of birds played on a player mat can be used. In particular, birds with the power <i>""This bird counts double toward the end-of-round goal, if it qualifies for the goal."" (e.g., <strong applink=""/card/69"">Cetti's Warbler</strong>) does not count double toward the <strong>[card] in hand</strong> end-of-round goal.",https://www.stonemaiergames.com/games/wingspan/wingspan-european-expansion/,This bird counts double for <strong>Beak pointing left/right</strong> if it qualifies for the goal.,https://www.facebook.com/groups/wingspanboardgame/permalink/744575159579422/,"This bird counts double toward precisely the end-of-round bonuses that count birds, not those that count other quantities. When in your hand this card does not count toward end-of-round bonuses.",https://www.boardgamegeek.com/thread/2365136/article/34012183#34012183,,,,,,,,,,,,,,,,
Griffon Vulture,Gyps fulvus,european,Teal,Food-related,Choose any 1 player (including yourself). Cache 1 [rodent] from the supply on this bird for each [predator] that player has.,,,,1,Platform,1,252,,X,,,,,,,,,,,0,,,,,X,,,,,,,,,,X,,,,X,X,,,,,,X,,X,,,144,,,,,,,,,,,,,,,,,,,,,,
Hawfinch,Coccothraustes coccothraustes,european,Brown,Food-related,"Reset the birdfeeder. If you do, gain 1 [seed] from the birdfeeder after resetting.",,,,4,Bowl,2,30,X,,,,2,,,,,,,,2,,,,,,,,X,,,,,,X,,,,X,,,,,,X,,X,,X,,"If the specified food type is not in the birdfeeder after the reset, you gain nothing.",145,Regular reroll rules apply whenever you have the opportunity to gain food from the birdfeeder.,https://www.stonemaiergames.com/games/wingspan/rules/,"Whenever you are entitled to gain resources, you may choose to take some but not all of the quantity specified.",https://www.stonemaiergames.com/games/wingspan/rules/#comment-37710,,,,,,,,,,,,,,,,,,
Hermit Thrush,Catharus guttatus,originalcore,Brown,Food from Birdfeeder,Player(s) with fewest [forest] birds gain 1 [die] from birdfeeder.,,,,7,Wild,2,30,X,,,1,,,2,,,,,,3,,,,,,,,,X,X,,,,X,,X,,X,X,,,X,,X,,X,,,X,"If multiple players are tied for fewest birds in the forest, they all use this power. You choose who goes first, and players proceed in turn order.",146,Regular reroll rules apply whenever you have the opportunity to gain food from the birdfeeder.,https://www.stonemaiergames.com/games/wingspan/rules/,"Whenever you are entitled to gain resources, you may choose to take some but not all of the quantity specified.",https://www.stonemaiergames.com/games/wingspan/rules/#comment-37710,,,,,,,,,,,,,,,,,,
Himalayan Monal,Lophophorus impejanus,asia,Brown,,All players gain 1 [seed] from the supply. You also lay 1 [egg].,,,,5,Ground,2,33,X,X,,1,1,,1,,,,,,3,,X,,,,X,,X,X,X,,,,,,,,,,,,X,,,,X,,,X,The egg may be laid on any bird under its egg limit.,400,You may only reroll dice when gaining food from the birdfeeder and not when gaining food from the supply.,https://www.boardgamegeek.com/thread/2208584/article/32288825#32288825,"Whenever you are entitled to gain resources, you may choose to take some but not all of the quantity specified.",https://www.stonemaiergames.com/games/wingspan/rules/#comment-37710,,,,,,,,,,,,,,,,,,
Hooded Crow,Corvus cornix,european,Teal,Flocking,"Choose 1 other player. For each action cube on their [grassland], tuck 1 [card] from your hand behind this bird, then draw an equal number of [card].",,X,,3,Platform,2,99,,X,X,1,,,,,,2,,,3,,,,,X,X,X,,X,,,,,,X,,X,,X,,,,,,,X,,X,,You may tuck cards up to the number of action cubes.,147,"Whenever you are entitled to gain resources, you may choose to take some but not all of the quantity specified.",https://www.stonemaiergames.com/games/wingspan/rules/#comment-37710,,,"This bird counts toward the <strong applink=""/card/1004"">Bird Counter</strong> bonus card despite the specification of brown powers in that bonus card's entry in the Appendix.",https://www.boardgamegeek.com/thread/2153031/article/34459426#34459426,,,,,,,,,,,,,,,,
Hooded Merganser,Lophodytes cucullatus,originalcore,Brown,Other,Repeat 1 [predator] power in this habitat.,,,,5,Cavity,4,61,,,X,1,,1,,,,,,,2,,,,,,,,,,,,X,,,,X,,,,,,,X,,,,,X,,,148,,,,,"This bird's power activates another bird's brown power, and it may activate a bird's power regardless of whether that bird is to the left or right of this bird.",https://www.boardgamegeek.com/thread/2139859/article/31096068#31096068,,,,,,,"This bird cannot copy the power of a bird with a <i>""copy""</i> power that is not a predator power, even if that bird copied a predator power earlier in the turn.",https://www.facebook.com/groups/wingspanboardgame/permalink/714240602612878/?comment_id=714367625933509&reply_comment_id=715341599169445,,,,,,,,
Hooded Warbler,Setophaga citrina,originalcore,,,,,,,7,Bowl,3,18,X,,,2,,,,,,,,,2,,,,,,,,,,,,,X,X,,,,X,,,,,,X,,,,,X,,149,,,,,,,,,,,,,,,,,,,,,,
Horned Lark,Eremophila alpestris,originalcore,Pink,Flocking,"When another player plays a [grassland] bird, tuck 1 [card] from your hand behind this bird.",,X,,5,Ground,4,30,,X,,1,1,,,,,,,,2,,,,,,,X,X,,X,,,,,,,,X,,X,,,,,,,,,,This is specifically referring to birds played into the grassland habitat.,150,You may use a pink power during another player's turn after your last turn of the game.,https://www.boardgamegeek.com/thread/2145421/article/31177235#31177235,"You may activate each <i>""once between turns""</i> power on a bird on your player mat once between each of your turns.",https://www.facebook.com/groups/wingspanboardgame/permalink/312352352801707/?comment_id=312354036134872&reply_comment_id=312437246126551,"This bird counts toward the <strong applink=""/card/1004"">Bird Counter</strong> bonus card despite the specification of brown powers in that bonus card's entry in the Appendix.",https://www.boardgamegeek.com/thread/2153031/article/34459426#34459426,You may not use a pink power during your turn (when an opponent performs an action that would otherwise enable using such a power).,https://www.facebook.com/groups/wingspanboardgame/permalink/499161054120835/?comment_id=499167897453484,"If a pink power is triggered by a player using the <i>""gain food""</i>, <i>""lay eggs""</i>, or <i>""draw bird cards""</i> action, the pink power is resolved after the player collects the resources indicated on the player mat but before any brown powers in the corresponding row are activated. If a pink power is triggered by another bird's power, the pink power is resolved after the other bird's power has been resolved.",https://www.boardgamegeek.com/thread/2397920/article/34412077#34412077,,,,,,,,,,,,
Horsfield's Bronze-Cuckoo,Chrysococcyx basalis,oceania,Pink,Card-drawing,"When another player takes the ""lay eggs"" action, lay 1 [egg] on a bird with a wingspan less than 30cm.",,,,2,None,0,29,X,X,X,1,,,,,,,,,1,,,X,X,X,X,,,,,,,X,,,,,X,,,,,,,,X,,X,,,296,You may use a pink power during another player's turn after your last turn of the game.,https://www.boardgamegeek.com/thread/2145421/article/31177235#31177235,"You may activate each <i>""once between turns""</i> power on a bird on your player mat once between each of your turns.",https://www.facebook.com/groups/wingspanboardgame/permalink/312352352801707/?comment_id=312354036134872&reply_comment_id=312437246126551,,,You may not use a pink power during your turn (when an opponent performs an action that would otherwise enable using such a power).,https://www.facebook.com/groups/wingspanboardgame/permalink/499161054120835/?comment_id=499167897453484,"If a pink power is triggered by a player using the <i>""gain food""</i>, <i>""lay eggs""</i>, or <i>""draw bird cards""</i> action, the pink power is resolved after the player collects the resources indicated on the player mat but before any brown powers in the corresponding row are activated. If a pink power is triggered by another bird's power, the pink power is resolved after the other bird's power has been resolved.",https://www.boardgamegeek.com/thread/2397920/article/34412077#34412077,"Whenever you are entitled to gain resources, you may choose to take some but not all of the quantity specified.",https://www.stonemaiergames.com/games/wingspan/rules/#comment-37710,,,,,,,,,,
Horsfield's Bushlark,Mirafra javanica,oceania,Brown,Food-related,"Discard 1 [seed]. If you do, lay up to 2 [egg] on this bird.",,,,2,Ground,2,12,,X,,1,1,,,,,,,,2,,,X,,X,,,X,,X,,,,,,,,X,,X,,,,,,X,,X,,,297,"<i>""Discarding""</i> food while resolving a bird power counts as <i>""spending""</i>.",https://www.discord.com/channels/608588053052653580/693358238439047229/778341560205967380,"Whenever you are entitled to gain resources, you may choose to take some but not all of the quantity specified.",https://www.stonemaiergames.com/games/wingspan/rules/#comment-37710,,,,,,,,,,,,,,,,,,
House Crow,Corvus splendens,asia,Teal,,You may cache 1 [wild] from your supply on each bird in this row.,,,,3,Platform,3,81,X,X,X,,,,,,,1,,,1,,,,,X,X,,,,,,,,,X,,X,,X,,,,,,,,,X,,"For these powers, the birds that you cache food on do not need to have a caching power themselves. <br><br>The number of caches allowed by the card (such as “each bird in this row”) is a maximum: you may cache less than this amount.",401,,,,,,,,,,,,,,,,,,,,,,
House Finch,Haemorhous mexicanus,originalcore,Brown,Flocking,"Tuck a [card] from your hand behind this bird. If you do, draw 1 [card].",,X,,3,Bowl,6,25,X,X,X,,1,,1,,,,,,2,,,,,X,X,X,X,,,,,,,,,,X,,,,X,,X,,,,X,,"These birds all allow you to tuck a card from your hand for a point, then gain some additional benefit (lay an egg, draw a card, or gain a food). You can only gain the benefit if you first tuck a card from your hand.",151,"Whenever you are entitled to gain resources, you may choose to take some but not all of the quantity specified.",https://www.stonemaiergames.com/games/wingspan/rules/#comment-37710,,,,,,,,,,,,,,,,,,,,
House Sparrow,Passer domesticus,european,Teal,Flocking,"Discard up to 5 [seed] from your supply. For each, tuck 1 [card] from the deck behind this bird.",,X,,6,Cavity,5,22,,X,,,1,,1,,,,,,2,,,,,,,X,X,,,,,,,,X,,X,,X,,X,,,,,,,X,,152,"<i>""Discarding""</i> food while resolving a bird power counts as <i>""spending""</i>.",https://www.discord.com/channels/608588053052653580/693358238439047229/778341560205967380,,,"This bird counts toward the <strong applink=""/card/1004"">Bird Counter</strong> bonus card despite the specification of brown powers in that bonus card's entry in the Appendix.",https://www.boardgamegeek.com/thread/2153031/article/34459426#34459426,,,,,,,You can spend the unused nectar from your personal supply as blue powers are activated before nectar is discarded.,https://www.facebook.com/groups/wingspanboardgame/permalink/706763200027285/?comment_id=706763420027263&reply_comment_id=706764750027130,,,,,,,,
House Wren,Troglodytes aedon,originalcore,White,Other,Play a second bird in your [grassland] or [forest]. Pay its normal cost.,,,,1,Cavity,5,15,X,X,,1,,,,,,,,,1,,,,,X,X,,,,,,,X,,,X,,X,,,,,,,,,,,X,"Play another bird into the same habitat. You must follow all other rules about how to play birds: it must be a bird that can live in that habitat, and you must discard the food and egg cost for that bird. <br>The birds with this power all are known for spending time in mixed flocks with multiple bird species. Research has shown this can have benefits such as help finding food and being alerted about predators.",153,"You may substitute 2 [wild] for any 1 food in a bird's food cost whenever you play a bird, including outside the scope of the <i>""play a bird""</i> action.",https://www.facebook.com/groups/wingspanboardgame/?post_id=592455651458041&comment_id=592685648101708&reply_comment_id=592771751426431,,,"When using this bird's power, the additional bird must be played in the same habitat as this bird.",https://www.stonemaiergames.com/games/wingspan/rules/#comment-30838,,,,,,,"If you use this bird's power to play another bird with a <i>""play a second bird""</i> power, you may then use the latter bird's power to play yet another bird.",https://www.stonemaiergames.com/games/wingspan/rules/#comment-31474,,,,,,,,
Ibisbill,Ibidorhyncha struthersii,asia,White,,All players draw 1 [card] from the deck and gain 1 [invertebrate] from the supply. You draw 1 additonal [card] from the deck.,,,,8,Ground,2,74,,,X,2,,1,,,,,,,3,X,,,,,,,,X,X,,X,,,X,,,,,,,,X,,,X,,X,,,402,You may only reroll dice when gaining food from the birdfeeder and not when gaining food from the supply.,https://www.boardgamegeek.com/thread/2208584/article/32288825#32288825,"Whenever you are entitled to gain resources, you may choose to take some but not all of the quantity specified.",https://www.stonemaiergames.com/games/wingspan/rules/#comment-37710,,,,,,,,,,,,,,,,,,
Inca Dove,Columbina inca,originalcore,White,Egg-laying,Lay 1 [egg] on each of your birds with a [platform] nest.,,,,2,Platform,4,28,,X,,,2,,,,,,,,2,,X,,,X,,,X,,,,,,,,,,X,X,X,,,,,,,,X,,"This power allows you to lay eggs on all of your birds that have a specific nest symbol (and all birds with a star nest symbol), including the newly played bird.",154,"Whenever you are entitled to gain resources, you may choose to take some but not all of the quantity specified.",https://www.stonemaiergames.com/games/wingspan/rules/#comment-37710,,,,,,,,,,,,,,,,,,,,
Indian Peafowl,Pavo cristatus,asia,White,,All players draw 2 [card] from the deck. You draw 1 additional [card].,,,,7,Ground,3,145,X,X,X,1,1,,,,,1,,,3,,X,,,,X,,X,X,X,,,,,X,,X,,,,,,,,,,,X,,You may draw the additional card from the deck or from the bird tray.,403,"Whenever you are entitled to gain resources, you may choose to take some but not all of the quantity specified.",https://www.stonemaiergames.com/games/wingspan/rules/#comment-37710,,,,,,,,,,,,,,,,,,,,
Indian Vulture,Gyps indicus,asia,Yellow,,"Copy one bonus card of the player on your right, as if it were your own (score it based on your own birds).",,,X,0,Platform,1,227,,X,,,,,,,,,,,0,,X,,,X,,,,,,,,,,X,,,,X,X,,,,,,X,X,X,,"If you are playing with bonus cards hidden from other players, when this power is activated, the player reveals to you their bonus cards. <br>In a 2-player game, the Greater Adjutant and the Indian Vulture may both copy the same bonus card.",404,,,,,,,,,,,,,,,,,,,,,,
Indigo Bunting,Passerina cyanea,originalcore,Brown,Food from Birdfeeder,"Gain 1 [invertebrate] or [fruit] from the birdfeeder, if there is one.",,,,5,Bowl,3,20,X,X,,1,1,,1,,,,,,3,,,,X,,X,,X,X,,,,,,,,,X,,,,X,,X,,,,X,,,155,Regular reroll rules apply whenever you have the opportunity to gain food from the birdfeeder.,https://www.stonemaiergames.com/games/wingspan/rules/,"Whenever you are entitled to gain resources, you may choose to take some but not all of the quantity specified.",https://www.stonemaiergames.com/games/wingspan/rules/#comment-37710,"When using this bird's power, if all [die] in the birdfeeder show the same face you may reroll before taking food.",https://www.stonemaiergames.com/games/wingspan/rules/#comment-30543,,,,,,,,,,,,,,,,
Juniper Titmouse,Baeolophus ridgwayi,originalcore,Brown,Caching Food,Gain 1 [seed] from the supply and cache it on this card.,,,,4,Cavity,3,23,X,,,1,1,,,,,,,,2,,,,,,,,X,,,,,,X,,X,,X,,,,,,,,,,X,,"The birds with these powers are known for caching extra food and saving it for later. As noted on these cards, you can cache exactly 1 food token when their power is activated by placing it on a bird card. Once a food token is cached on a bird card, you cannot spend it. Each token on the card at the end of the game is worth 1 point. If the same dice are showing in the birdfeeder, you may reroll to see if you meet the condition of the bird. If you run out of food tokens, you can cache cards instead.",156,You may only reroll dice when gaining food from the birdfeeder and not when gaining food from the supply.,https://www.boardgamegeek.com/thread/2208584/article/32288825#32288825,"Whenever you are entitled to gain resources, you may choose to take some but not all of the quantity specified.",https://www.stonemaiergames.com/games/wingspan/rules/#comment-37710,,,,,,,,,,,,,,,,,,
Kea,Nestor notabilis,oceania,White,,Draw 1 bonus card. You may discard any number of [wild] to draw that many additional bonus cards. Keep 1 of the cards you drew and discard the rest.,,,X,5,Ground,2,90,X,X,,,,,1,,1,,,,2,,,,,,X,,,,X,,,,,X,,,,,,,X,,,,X,X,X,,"You first draw 1 bonus card, then decide how many additional cards you want to draw and discard the corresponding amount of food. This is a one-time decision.",298,"<i>""Discarding""</i> food while resolving a bird power counts as <i>""spending""</i>.",https://www.discord.com/channels/608588053052653580/693358238439047229/778341560205967380,"Whenever you are entitled to gain resources, you may choose to take some but not all of the quantity specified.",https://www.stonemaiergames.com/games/wingspan/rules/#comment-37710,,,,,,,,,,,,,,,,,,
Kelp Gull,Larus dominicanus,oceania,Brown,Food-related,Discard any number of [wild] to draw that many [card].,,,,6,Ground,2,135,,,X,,,1,,,,1,,,2,,,,,,,,,,X,,X,,,X,,X,,,,,,X,,,X,,,X,,299,"<i>""Discarding""</i> food while resolving a bird power counts as <i>""spending""</i>.",https://www.discord.com/channels/608588053052653580/693358238439047229/778341560205967380,"Whenever you are entitled to gain resources, you may choose to take some but not all of the quantity specified.",https://www.stonemaiergames.com/games/wingspan/rules/#comment-37710,,,,,,,,,,,,,,,,,,
Kererū,Hemiphaga novaeseelandiae,oceania,Brown,Other,"If the player to your left has a [nectar] in their personal supply, gain 1 [nectar] from the general supply.",,,,3,Platform,2,75,X,,,,,,1,,1,,,,2,,,,,X,,,,,,,,,X,X,,,,X,,,X,,,,X,,X,,,300,You may only reroll dice when gaining food from the birdfeeder and not when gaining food from the supply.,https://www.boardgamegeek.com/thread/2208584/article/32288825#32288825,"Whenever you are entitled to gain resources, you may choose to take some but not all of the quantity specified.",https://www.stonemaiergames.com/games/wingspan/rules/#comment-37710,,,,,,,,,,,,,,,,,,
Killdeer,Charadrius vociferus,originalcore,Brown,Card-drawing,Discard 1 [egg] to draw 2 [card].,,,,1,Ground,3,46,,X,X,1,1,,,,,,X,,1,,,,,X,X,,X,,X,,,,,,,,,,,,,,,,,,X,,"This power adds cards to the wetland’s draw card(s) action, but it has a cost. Discard an egg to the supply. You cannot use this power if you have not laid any eggs yet.",157,"<i>""Discarding""</i> food while resolving a bird power counts as <i>""spending""</i>.",https://www.discord.com/channels/608588053052653580/693358238439047229/778341560205967380,"Whenever you are entitled to gain resources, you may choose to take some but not all of the quantity specified.",https://www.stonemaiergames.com/games/wingspan/rules/#comment-37710,,,,,,,,,,,,,,,,,,
King Rail,Rallus elegans,originalcore,White,Other,Draw 2 new bonus cards and keep 1.,,,X,4,Platform,6,51,,,X,1,,1,,,,1,,,3,,,,,,,,,X,,,X,,,,,X,,X,,,,X,,,,X,X,,"Draw two goal cards, pick the one you want to keep, and discard the other. If the deck of goal cards is ever exhausted, shuffle the discards to form a new face-down deck. <br>The birds with this power are all threatened or endangered, or conservationists are concerned that they soon will be because of a declining trend in their population.",158,"Whenever you are entitled to gain resources, you may choose to take some but not all of the quantity specified.",https://www.stonemaiergames.com/games/wingspan/rules/#comment-37710,,,,,,,,,,,,,,,,,,,,
Korimako,Anthornis melanura,oceania,Brown,Flocking,Discard any number of [rodent] to gain that many [nectar] from the supply.,,,,4,Bowl,3,22,X,,,1,,,1,,1,,,,3,,,,,,,,,X,,,,,X,,,,X,,,,X,,X,,,,X,,,301,"<i>""Discarding""</i> food while resolving a bird power counts as <i>""spending""</i>.",https://www.discord.com/channels/608588053052653580/693358238439047229/778341560205967380,You may only reroll dice when gaining food from the birdfeeder and not when gaining food from the supply.,https://www.boardgamegeek.com/thread/2208584/article/32288825#32288825,,,"Whenever you are entitled to gain resources, you may choose to take some but not all of the quantity specified.",https://www.stonemaiergames.com/games/wingspan/rules/#comment-37710,,,,,,,,,,,,,,
Kākāpō,Strigops habroptila,oceania,Yellow,Other,"Draw 4 bonus cards, keep 1, and discard the other 3.",,,X,4,Ground,2,*,X,,,,1,,1,,,,,,2,,,,,,,,X,,X,,,,X,X,,,,,,,X,,,,X,X,,,,302,"Whenever you are entitled to gain resources, you may choose to take some but not all of the quantity specified.",https://www.stonemaiergames.com/games/wingspan/rules/#comment-37710,,,,,,,,,,,,,,,,,,,,
Large-Billed Crow,Corvus macrorhynchos,asia,Brown,,"Cache 1 [wild] from your supply on any bird. If you do, you may tuck 1 [card] from your hand behind this bird.",,X,,6,Platform,2,115,X,X,X,,1,,,,,1,,,2,X,,,,,X,X,X,,,,,,,X,,X,,X,,,,,,,X,,,X,"For these powers, the birds that you cache food on do not need to have a caching power themselves. <br><br>The number of caches allowed by the card (such as “each bird in this row”) is a maximum: you may cache less than this amount.",405,,,,,,,,,,,,,,,,,,,,,,
Laughing Kookaburra,Dacelo novaeguineae,oceania,Brown,Other,"Reset the birdfeeder. If you do, gain 1 [invertebrate], [fish], or [rodent], if there is one.",X,,,1,Cavity,3,60,X,X,X,1,,1,,1,,,X,,1,,,,,X,X,,,,,X,X,,,,X,,,,,X,,,,,,,X,,"You gain a total of 1 food. Remove the die from the birdfeeder when you gain the food, as you would normally.",303,"Whenever you are entitled to gain resources, you may choose to take some but not all of the quantity specified.",https://www.stonemaiergames.com/games/wingspan/rules/#comment-37710,,,,,,,,,,,,,,,,,,,,
Lazuli Bunting,Passerina amoena,originalcore,Brown,Egg-laying,All players lay 1 [egg] on any 1 [bowl] bird. You may lay 1 [egg] on 1 additional [bowl] bird.,,,,4,Bowl,4,23,,X,,1,1,,1,,,,,,3,,,,X,,,,X,X,,,,,,,,,X,,X,,X,,X,,,,,X,"This power allows you to lay an egg on 1 or 2 birds with a specific nest symbol (or a star). All other players can lay an egg on 1 bird with that nest symbol (or a star), if they have one.",159,"Whenever you are entitled to gain resources, you may choose to take some but not all of the quantity specified.",https://www.stonemaiergames.com/games/wingspan/rules/#comment-37710,,,"If you use this bird's power to lay 2 [egg], they must be laid on different [bowl]/[star] birds.",https://www.facebook.com/groups/wingspanboardgame/permalink/322004815169794/?comment_id=322006528502956,,,,,,,,,,,,,,,,
Lesser Frigatebird,Fregata ariel,oceania,Brown,Flocking,All players may discard 1 [egg] from a [wetland] bird. Each player that discards an [egg] gains 1 [wild] from the supply.,,,,9,Platform,1,175,,,X,1,,2,,,,,,,3,,,,,,,,,X,,,X,,,X,,,,X,,,,X,,,X,,,X,,304,"<i>""Discarding""</i> food while resolving a bird power counts as <i>""spending""</i>.",https://www.discord.com/channels/608588053052653580/693358238439047229/778341560205967380,You may only reroll dice when gaining food from the birdfeeder and not when gaining food from the supply.,https://www.boardgamegeek.com/thread/2208584/article/32288825#32288825,,,"Whenever you are entitled to gain resources, you may choose to take some but not all of the quantity specified.",https://www.stonemaiergames.com/games/wingspan/rules/#comment-37710,,,,,,,,,,,,,,
Lesser Whitethroat,Sylvia curruca,european,Teal,Egg-laying,Choose a habitat with no [egg]. Lay 1 [egg] on each bird in that habitat.,,,,0,Bowl,2,18,X,X,,1,,,1,,,,,,2,X,,,X,X,X,,,,,,,,,,,,X,,,,X,,X,,X,,X,,,160,"Whenever you are entitled to gain resources, you may choose to take some but not all of the quantity specified.",https://www.stonemaiergames.com/games/wingspan/rules/#comment-37710,,,,,,,,,,,,,,,,,,,,
Lewin's Honeyeater,Meliphaga lewinii,oceania,Brown,Flocking,Choose 1 other player. you both gain 1 [nectar] from the supply.,,,,5,Bowl,2,29,X,,,,,,1,,1,,,,2,,,X,,,,,,,,,,,X,,,,X,,,,X,,X,,X,,,X,,305,You may only reroll dice when gaining food from the birdfeeder and not when gaining food from the supply.,https://www.boardgamegeek.com/thread/2208584/article/32288825#32288825,"Whenever you are entitled to gain resources, you may choose to take some but not all of the quantity specified.",https://www.stonemaiergames.com/games/wingspan/rules/#comment-37710,"As of the release of the Oceania Expansion, <i>honey</i> is no longer a keyword for the <strong applink=""/card/1023"">Photographer</strong> bonus card, and hence this bird do not qualify for it.",Oceania Expansion rulebook,,,,,,,,,,,,,,,,
Lincoln's Sparrow,Melospiza lincolnii,originalcore,Brown,Other,"If this bird is to the right of all other birds in its habitat, move it to another habitat.",,,,3,Ground,2,20,X,X,X,1,1,,,,,,,,2,,,X,,X,X,,X,,X,,,,,,,,X,,,,,,,,X,,,X,"These birds are all able to live in a variety of habitats, and their power is to move from habitat to habitat—but only if they’re the last bird in that row. (They can be in any column.) This can be powerful for increasing your abilities in multiple habitats, and for scoring on end-of-round goals. Be careful not to play another bird to the right of one of these cards, or you won’t be able to use its power!",161,,,,,"When using this bird's power to move this bird to another habitat, the action cube does not change habitats with it.",https://www.stonemaiergames.com/games/wingspan/rules/,,,,,,,,,,,,,,,,
Little Bustard,Tetrax tetrax,european,White,Other,Draw 1 new bonus card. Then gain 1 [card] or lay 1 [egg] on any bird.,,,X,4,Ground,2,110,,X,,1,1,,,,,,,,2,,,,,,,,X,,X,,,,,X,,,,,X,,,,,,X,X,X,,You may look at the bonus card you drew before doing the second part of these actions.,162,"Whenever you are entitled to gain resources, you may choose to take some but not all of the quantity specified.",https://www.stonemaiergames.com/games/wingspan/rules/#comment-37710,,,,,,,,,,,,,,,,,,,,
Little Egret,Egretta garzetta,asia,Brown,,Draw 1 [card] from the deck and add it to your hand. All other players draw 1 [card] from the deck and keep it if it can live in [wetland].,,,,2,Platform,2,95,,,X,1,,1,,1,,,X,,1,,,,,X,,,,,,,X,,,X,,,,X,,X,,X,,,X,,,X,,406,"Whenever you are entitled to gain resources, you may choose to take some but not all of the quantity specified.",https://www.stonemaiergames.com/games/wingspan/rules/#comment-37710,,,,,,,,,,,,,,,,,,,,
Little Grebe,Tachybaplus ruficollis,asia,Brown,,"For each bird in this column with an [egg] on it, draw 1 [card]. Keep 1 and discard the rest.",,,,4,Wild,5,42,,,X,2,,1,,,,,,,3,,,,,,,,,X,X,,X,,,,X,,,X,,,,X,X,,,,X,X,,407,"Whenever you are entitled to gain resources, you may choose to take some but not all of the quantity specified.",https://www.stonemaiergames.com/games/wingspan/rules/#comment-37710,,,,,,,,,,,,,,,,,,,,
Little Owl,Athene noctua,european,Brown,Food-related,Steal 1 [rodent] from another player's supply and cache it on this bird. They gain 1 [die] from the birdfeeder.,,,,4,Cavity,2,56,X,X,,1,,,,1,,,,,2,,,,,,X,,,,,,,,,,X,,,,,X,,,,,X,,,,The food that the other player gains does not have to be the same type stolen.,163,Regular reroll rules apply whenever you have the opportunity to gain food from the birdfeeder.,https://www.stonemaiergames.com/games/wingspan/rules/,"Whenever you are entitled to gain resources, you may choose to take some but not all of the quantity specified.",https://www.stonemaiergames.com/games/wingspan/rules/#comment-37710,,,,,,,,,,,,,,,,,,
Little Penguin,Eudyptula minor,oceania,Brown,Other,"Draw and discard 5 [card] from the deck. For each [fish] in their food costs, cache 1 [fish] from the supply on this bird.",X,,,7,Wild,2,*,,,X,,,3,,,,,,,3,,,,,,,,,X,X,X,X,,,X,X,,,X,,,,X,X,,X,,,X,,306,"<i>""Discarding""</i> food while resolving a bird power counts as <i>""spending""</i>.",https://www.discord.com/channels/608588053052653580/693358238439047229/778341560205967380,"Whenever you are entitled to gain resources, you may choose to take some but not all of the quantity specified.",https://www.stonemaiergames.com/games/wingspan/rules/#comment-37710,,,,,,,,,,,,,,,,,,
Little Pied Cormorant,Microcarbo melanoleucos,oceania,Yellow,Food-related,"Lay 1 [egg] on each of your birds with a [platform] nest, including this one.",,,,4,Platform,2,88,,,X,1,,1,,,,,,,2,,,,,,,,,,,,X,,,X,,,,X,,,,X,,,X,,X,,You may count [star] nests as wild and include them when you lay eggs.<br><br>Eggs are laid after scoring the round-end goal for Round 4.,307,"Whenever you are entitled to gain resources, you may choose to take some but not all of the quantity specified.",https://www.stonemaiergames.com/games/wingspan/rules/#comment-37710,,,,,,,,,,,,,,,,,,,,
Little Ringed Plover,Charadrius dubius,asia,Brown,,"Discard 1 [card] from your hand. If you do, lay 1 [egg] on this bird.",,,,4,Ground,4,45,,,X,1,,,,,,,,,1,,,,,,,,,,X,,,X,,,,,,,,,,X,,,,,,X,,408,"<i>""Discarding""</i> food while resolving a bird power counts as <i>""spending""</i>.",https://www.discord.com/channels/608588053052653580/693358238439047229/778341560205967380,"Whenever you are entitled to gain resources, you may choose to take some but not all of the quantity specified.",https://www.stonemaiergames.com/games/wingspan/rules/#comment-37710,,,,,,,,,,,,,,,,,,
Loggerhead Shrike,Lanius ludovicianus,originalcore,Pink,Caching Food,"When another player takes the ""gain food"" action, if they gain any number of [rodent], also gain 1 [rodent] from the supply and cache it on this card.",,,,3,Bowl,4,30,,X,X,1,,,,1,,,,,2,X,,,,X,X,,,,,,,,,,,,X,,,X,,,X,,,,X,,"The birds with these powers are known for caching extra food and saving it for later. As noted on these cards, you can cache exactly 1 food token when their power is activated by placing it on a bird card. Once a food token is cached on a bird card, you cannot spend it. Each token on the card at the end of the game is worth 1 point. If the same dice are showing in the birdfeeder, you may reroll to see if you meet the condition of the bird. If you run out of food tokens, you can cache cards instead.",164,You may use a pink power during another player's turn after your last turn of the game.,https://www.boardgamegeek.com/thread/2145421/article/31177235#31177235,"You may activate each <i>""once between turns""</i> power on a bird on your player mat once between each of your turns.",https://www.facebook.com/groups/wingspanboardgame/permalink/312352352801707/?comment_id=312354036134872&reply_comment_id=312437246126551,,,You may not use a pink power during your turn (when an opponent performs an action that would otherwise enable using such a power).,https://www.facebook.com/groups/wingspanboardgame/permalink/499161054120835/?comment_id=499167897453484,"If a pink power is triggered by a player using the <i>""gain food""</i>, <i>""lay eggs""</i>, or <i>""draw bird cards""</i> action, the pink power is resolved after the player collects the resources indicated on the player mat but before any brown powers in the corresponding row are activated. If a pink power is triggered by another bird's power, the pink power is resolved after the other bird's power has been resolved.",https://www.boardgamegeek.com/thread/2397920/article/34412077#34412077,You may only reroll dice when gaining food from the birdfeeder and not when gaining food from the supply.,https://www.boardgamegeek.com/thread/2208584/article/32288825#32288825,,,,,"Whenever you are entitled to gain resources, you may choose to take some but not all of the quantity specified.",https://www.stonemaiergames.com/games/wingspan/rules/#comment-37710,,,,
Long-Tailed Tit,Aegithalos caudatus,european,White,Other,"Place this bird sideways, so that it covers 2 [forest] spaces. Pay the lower egg cost.",,,,0,Wild,4,18,X,,,1,1,,,,,,,,2,X,,,,X,,,X,,X,,,,X,,X,,X,X,,,,,X,,,,,X,"These birds still count as just 1 bird for round-end goals that count birds. But both spaces are filled, so they can count twice toward the “completed columns” round-end goal. <br>These birds can still be played like any other bird in the 5th column, forgoing their power. <br>The next bird you play in this habitat is placed to the right of this bird.",165,A bird played horizontally qualifies for one of <strong>Beak pointing left/right</strong> end-of-round goals if and only if it would count were the card played in its vertical orientation.,https://www.facebook.com/groups/wingspanboardgame/permalink/723516585018613/?comment_id=723543355015936,,,"If a bird (e.g., <strong applink=""/card/78"">Common Buzzard</strong>) is played on top of this one, the top bird is also placed horizontally and occupies both columns.",https://www.stonemaiergames.com/games/wingspan/wingspan-european-expansion/,,,,,,,"When scoring the Site Selection Expert bonus card, this bird's [star] nest can count as different nest types in the two columns in which it was played.",https://www.boardgamegeek.com/thread/2519302/article/36010930#36010930,,,,,,,,
Magpie-Lark,Grallina cyanoleuca,oceania,Yellow,Food-related,"Discard 2 [egg] from your [forest]. If you do, play 1 bird in your [grassland] at its normal food cost (ignore its egg cost). If it has a ""when played"" or ""game end"" power, you may use it.",,,,5,Bowl,3,57,,X,,1,1,,,,,,X,,1,,,,,,,,X,,,,,,,,,,,,X,,,,X,,,,,X,"As usual, you cannot activate other types of bird powers (such as “round end” powers) when you play a bird with this action.<br><br>You will have already discarded nectar when the Grey-Headed Mannikin is activated, so if you want to use it to play a bird with a nectar cost, you will need to use the 2:1 food conversion to obtain the nectar.",308,"You may substitute 2 [wild] for any 1 food in a bird's food cost whenever you play a bird, including outside the scope of the <i>""play a bird""</i> action.",https://www.facebook.com/groups/wingspanboardgame/?post_id=592455651458041&comment_id=592685648101708&reply_comment_id=592771751426431,"<i>""Discarding""</i> food while resolving a bird power counts as <i>""spending""</i>.",https://www.discord.com/channels/608588053052653580/693358238439047229/778341560205967380,,,,,,,,,,,,,,,,,,
Major Mitchell's Cockatoo,Lophochroa leadbeateri,oceania,Brown,Other,"Tuck 1 [card] from your hand behind this bird. If you do, all players gain 1 [seed] from the supply.",,X,,6,Cavity,2,81,X,X,,,2,,,,,,,,2,,,X,,,X,X,X,,,,,,,X,X,,,,,,,,,,X,,X,,,309,You may only reroll dice when gaining food from the birdfeeder and not when gaining food from the supply.,https://www.boardgamegeek.com/thread/2208584/article/32288825#32288825,"Whenever you are entitled to gain resources, you may choose to take some but not all of the quantity specified.",https://www.stonemaiergames.com/games/wingspan/rules/#comment-37710,,,,,,,,,,,,,,,,,,
Mallard,Anas platyrhynchos,originalcore,Brown,Card-drawing,Draw 1 [card].,,,,0,Ground,4,89,,,X,1,1,,,,,,X,,1,,,,,X,,,X,,X,,,,,X,,,,,,,,X,,,,,,X,This power adds cards to the wetland’s draw card(s) action. You may draw from the deck or the face-up cards. Face-up cards are refilled only at the end of your turn.,166,"Whenever you are entitled to gain resources, you may choose to take some but not all of the quantity specified.",https://www.stonemaiergames.com/games/wingspan/rules/#comment-37710,,,,,,,,,,,,,,,,,,,,
Malleefowl,Leipoa ocellata,oceania,Yellow,Food-related,"Lay 1 [egg] on each of your birds with a [ground] nest, including this one.",,,,2,Ground,6,33,X,X,,,1,,,,,1,,,2,,X,,,X,X,,X,,X,,,,,,,X,,,,,,,,,,,X,,You may count [star] nests as wild and include them when you lay eggs.<br><br>Eggs are laid after scoring the round-end goal for Round 4.,310,"Whenever you are entitled to gain resources, you may choose to take some but not all of the quantity specified.",https://www.stonemaiergames.com/games/wingspan/rules/#comment-37710,,,,,,,,,,,,,,,,,,,,
Mandarin Duck,Aix galericulata,asia,Teal,,"Draw 5 [card] from the deck. Add 1 to your hand, tuck 1 behind this bird, give 1 to another player, and discard the rest.",,X,,3,Cavity,5,71,,X,X,1,1,,,,,,,,2,,,,,X,X,X,X,,,,,,,X,X,,,,,,,,,,,,X,,"If you choose to activate these birds at the end of the round, all parts of their activations are mandatory.",409,"Whenever you are entitled to gain resources, you may choose to take some but not all of the quantity specified.",https://www.stonemaiergames.com/games/wingspan/rules/#comment-37710,,,,,,,,,,,,,,,,,,,,
Maned Duck,Chenonetta jubata,oceania,Brown,Card-drawing,"Tuck up to 3 [card] from your hand behind this bird. If you tuck at least 1 [card], gain 1 [seed] from the supply.",,X,,2,Cavity,4,79,,,X,,,,,,,2,,,2,,,,,X,,X,,,,,,,,X,X,X,,,,,,X,,,,,X,,"This bird never gains more than 1 seed in a turn, no matter how many cards you tuck.",311,You may only reroll dice when gaining food from the birdfeeder and not when gaining food from the supply.,https://www.boardgamegeek.com/thread/2208584/article/32288825#32288825,"Whenever you are entitled to gain resources, you may choose to take some but not all of the quantity specified.",https://www.stonemaiergames.com/games/wingspan/rules/#comment-37710,,,,,,,,,,,,,,,,,,
Many-Colored Fruit Dove,Ptilinopus perousii,oceania,Brown,Egg-laying,All players gain 1 [fruit] from the supply. You gain 1 additional [fruit] from the supply.,,,,2,Platform,2,30,X,,,,,,1,,,,,,1,,,,,X,,,,,,,,,X,,,,X,X,,,X,,,,X,,X,,,312,You may only reroll dice when gaining food from the birdfeeder and not when gaining food from the supply.,https://www.boardgamegeek.com/thread/2208584/article/32288825#32288825,"Whenever you are entitled to gain resources, you may choose to take some but not all of the quantity specified.",https://www.stonemaiergames.com/games/wingspan/rules/#comment-37710,,,,,,,,,,,,,,,,,,
Masked Lapwing,Vanellus miles,oceania,White,,"Reset the birdfeeder, then, for each type of food in the birdfeeder, gain 1 of that type.",,,,1,Ground,3,80,,X,X,1,1,,,,,,X,,1,X,,,,X,X,,X,,X,,,,,X,,,,,,,,,,,,,,X,"For dice showing two types of food, you may gain both types. However, this bird’s power lets you gain at most 1 token of each food type. Remove each die from he birdfeeder as you gain food.<br><br> While resolving this power, roll the dice just once at the beginning. If, as a result of gaining food with this bird’s power, the remaining dice in the birdfeeder are showing just one face, you may not reroll them as part of the Masked Lapwing’s action.",313,"Whenever you are entitled to gain resources, you may choose to take some but not all of the quantity specified.",https://www.stonemaiergames.com/games/wingspan/rules/#comment-37710,,,,,,,,,,,,,,,,,,,,
Mississippi Kite,Ictinia mississippiensis,originalcore,Brown,Hunting/Fishing,"Roll all dice not in birdfeeder. If any are [rodent], gain 1 [rodent] and cache it on this card.",X,,,4,Platform,1,79,X,X,,1,,,,1,,,X,,1,,X,,,,X,,,,,X,,,,X,,,,X,,X,,,,,X,,X,,"Birds that eat rodents or fish roll all dice that are not in the birdfeeder. (Note that you will never roll more than 4 dice, because when all 5 dice are out of the birdfeeder it must reset immediately.) Roll dice on the table; they do not go back into the birdfeeder. If one or more dice show the specified type, take at most 1 token of that type from the supply and cache it on your card (see “Caching food”). Each token on a bird card is worth 1 point at the end of the game.",167,"Whenever you are entitled to gain resources, you may choose to take some but not all of the quantity specified.",https://www.stonemaiergames.com/games/wingspan/rules/#comment-37710,,,,,,,,,,,,,,,,,,,,
Mistletoebird,Dicaeum hirundinaceum,oceania,Brown,Card-drawing,"Gain 1 [fruit] from the supply, or discard 1 [fruit] to gain 1 [nectar] from the supply.",,,,3,Wild,4,18,X,,,,,,2,,1,,,,3,,,,,X,,,,X,X,,,,X,,X,,X,X,,,X,,X,,,,X,,The “toe” in this bird’s name is etymologically unrelated to the anatomical part and so does not qualify this bird for the Anatomist bonus card.,314,"<i>""Discarding""</i> food while resolving a bird power counts as <i>""spending""</i>.",https://www.discord.com/channels/608588053052653580/693358238439047229/778341560205967380,You may only reroll dice when gaining food from the birdfeeder and not when gaining food from the supply.,https://www.boardgamegeek.com/thread/2208584/article/32288825#32288825,,,"Whenever you are entitled to gain resources, you may choose to take some but not all of the quantity specified.",https://www.stonemaiergames.com/games/wingspan/rules/#comment-37710,,,,,,,,,,,,,,
Moltoni's Warbler,Sylvia subalpina,european,Teal,Other,"If you used all 4 types of actions this round, play another bird. Pay its normal food and egg cost.",,,,3,Bowl,2,17,,X,,1,,,1,,,,,,2,,,X,,X,,,,,,,,,,,,,X,,X,,X,,X,,X,,,X,"If the additional bird has a “when played” power, it is triggered when the bird is played. If the extra bird has a “round end” power, it is triggered when the bird is played.",168,"You may substitute 2 [wild] for any 1 food in a bird's food cost whenever you play a bird, including outside the scope of the <i>""play a bird""</i> action.",https://www.facebook.com/groups/wingspanboardgame/?post_id=592455651458041&comment_id=592685648101708&reply_comment_id=592771751426431,,,"If you use this bird's power to play another bird with a teal power, you may resolve that power at any point among your other remaining teal powers.",https://www.boardgamegeek.com/thread/2324875/article/33515239#33515239,,,,,,,,,,,,,,,,
Montagu's Harrier,Circus pygargus,european,White,Hunting and fishing,"Instead of paying any costs, you may play this bird on top of another bird on your player mat. Discard any eggs and food from that bird. It becomes a tucked card.",X,,,4,Ground,2,113,,X,,,,,,2,,,,X,2,,,X,,,,,,,X,X,,,,X,,,,,X,X,,,,,X,,,X,"If you use this power, you pay neither the food cost nor the egg cost for these birds. This counts as both a) tucking a card and b) a predator succeeding, and triggers birds with pink powers accordingly. <br>Any cards that were tucked behind the original bird remain tucked, but you must discard any eggs.",169,"Cards whose powers include the phrase <i>""it becomes a tucked card""</i> (e.g., <strong applink=""/card/78"">Common Buzzard</strong>) qualify for the <strong applink=""/card/1008"">Citizen Scientist</strong> bonus card when the Automa has drawn it.",https://www.facebook.com/groups/wingspanboardgame/permalink/507078829995724/?comment_id=507188399984767,"If you use a bird's power to play in the same habitat a bird an alternative food cost specified via an asterisk next to its food cost, you may pay the alternative cost (which thus counts as paying the bird's <i>""normal food cost""</i>) instead of paying its food cost.",https://www.discord.com/channels/608588053052653580/693358238439047229/709127448922423368,"If this bird is played on top of a horizontal one (e.g., <strong applink=""/card/77"">Common Blackbird</strong>), it is also placed horizontally and occupies both columns.",https://www.stonemaiergames.com/games/wingspan/wingspan-european-expansion/,,,,,,,"Even when using this bird's power to play it on top of another bird, this bird may only be played in [grassland].",https://www.stonemaiergames.com/games/wingspan/wingspan-european-expansion/,"In games where the Automa has drawn the <strong applink=""/card/1008"">Citizen Scientist</strong> bonus card, this bird qualifies for that bonus card.",https://www.facebook.com/groups/wingspanboardgame/permalink/507078829995724/?comment_id=507188399984767,,,,,"This bird counts toward the <strong applink=""/card/1013"">Falconer</strong> bonus card despite the specification of brown powers in that bonus card's entry in the Appendix.",https://www.boardgamegeek.com/thread/2153031/article/34459426#34459426
Mountain Bluebird,Sialia currucoides,originalcore,White,Other,Play a second bird in your [grassland]. Pay its normal cost.,,,,4,Cavity,5,36,,X,,1,,,1,,,,,,2,,X,,X,,,,,,,,,,,,X,,,,X,,X,,,,,,,X,"Play another bird into the same habitat. You must follow all other rules about how to play birds: it must be a bird that can live in that habitat, and you must discard the food and egg cost for that bird. <br>The birds with this power all are known for spending time in mixed flocks with multiple bird species. Research has shown this can have benefits such as help finding food and being alerted about predators.",170,"You may substitute 2 [wild] for any 1 food in a bird's food cost whenever you play a bird, including outside the scope of the <i>""play a bird""</i> action.",https://www.facebook.com/groups/wingspanboardgame/?post_id=592455651458041&comment_id=592685648101708&reply_comment_id=592771751426431,,,"If you use this bird's power to play another bird with a <i>""play a second bird""</i> power, you may then use the latter bird's power to play yet another bird.",https://www.stonemaiergames.com/games/wingspan/rules/#comment-31474,,,,,,,,,,,,,,,,
Mountain Chickadee,Poecile gambeli,originalcore,Brown,Caching Food,Gain 1 [seed] from the supply and cache it on this card.,,,,2,Cavity,3,23,X,,,1,1,,,,,,X,,1,,X,,,X,,,X,,,,,,X,,X,,X,,,,,,,,,,X,,,171,You may only reroll dice when gaining food from the birdfeeder and not when gaining food from the supply.,https://www.boardgamegeek.com/thread/2208584/article/32288825#32288825,"Whenever you are entitled to gain resources, you may choose to take some but not all of the quantity specified.",https://www.stonemaiergames.com/games/wingspan/rules/#comment-37710,,,,,,,,,,,,,,,,,,
Mourning Dove,Zenaida macroura,originalcore,Brown,Egg-laying,Lay 1 [egg] on this bird.,,,,0,Platform,5,46,X,X,X,,1,,,,,,,,1,,,,,X,X,,X,,,,,,,,,,,X,,,,,,,,,,X,"The birds with these powers are known for caching extra food and saving it for later. As noted on these cards, you can cache exactly 1 food token when their power is activated by placing it on a bird card. Once a food token is cached on a bird card, you cannot spend it. Each token on the card at the end of the game is worth 1 point. If the same dice are showing in the birdfeeder, you may reroll to see if you meet the condition of the bird. If you run out of food tokens, you can cache cards instead.",172,"Whenever you are entitled to gain resources, you may choose to take some but not all of the quantity specified.",https://www.stonemaiergames.com/games/wingspan/rules/#comment-37710,,,,,,,,,,,,,,,,,,,,
Musk Duck,Biziura lobata,oceania,Brown,Other,Draw 1 face-up [card] from the tray with a [ground] or [star] nest. You may reset or refill the tray before doing so.,,,,2,Ground,2,87,,,X,1,1,1,,,,,X,,1,,,,,X,,,X,,X,,X,,,X,,,,,,,,X,,,X,,X,,"Before drawing a face-up card with the nest type shown, you may:<ul><li>reset the tray (discard all face-up cards and put out 3 new face-up cards), or</li><li>refill the tray (place new cards from the deck in any empty slots), or</li><li>leave the tray as-is.</li></ul>",315,"Whenever you are entitled to gain resources, you may choose to take some but not all of the quantity specified.",https://www.stonemaiergames.com/games/wingspan/rules/#comment-37710,,,,,,,,,,,,,,,,,,,,
Mute Swan,Cygnus olor,european,Brown,Flocking,"Choose 1-3 birds in your [wetland]. Tuck 1 [card] from your hand behind each. If you tuck at least 1 card, draw 1 [card].",,X,,4,Ground,3,220,,,X,1,1,,,,,1,,,3,,,,,,,X,X,X,X,,,,,X,,X,,,,,,X,,,,,X,,This power can be used to tuck cards behind birds that do not usually tuck cards. You only draw 1 [card] regardless of how many cards you tuck.,173,"Whenever you are entitled to gain resources, you may choose to take some but not all of the quantity specified.",https://www.stonemaiergames.com/games/wingspan/rules/#comment-37710,,,"This bird's power is a [flocking] power; the [flocking] icon did not appear on the card in early printings, but the omission was corrected by April 2019.",European Expansion,,,,,,,,,,,,,,,,
New Holland Honeyeater,Phylidonyris novaehollandiae,oceania,Brown,Food-related,"Gain 1 [nectar] from the birdfeeder, if there is one.",,,,0,Bowl,3,20,,X,,,,,,,1,,,,1,,X,,,X,,,,,,,,,,,,,X,,X,,,,X,,,,X,,"Before gaining this food, you may reroll the dice in the birdfeeder if they are all showing one face.",316,Regular reroll rules apply whenever you have the opportunity to gain food from the birdfeeder.,https://www.stonemaiergames.com/games/wingspan/rules/,"Whenever you are entitled to gain resources, you may choose to take some but not all of the quantity specified.",https://www.stonemaiergames.com/games/wingspan/rules/#comment-37710,"As of the release of the Oceania Expansion, <i>honey</i> is no longer a keyword for the <strong applink=""/card/1023"">Photographer</strong> bonus card, and hence this bird do not qualify for it.",Oceania Expansion rulebook,,,,,,,,,,,,,,,,
Noisy Miner,Manorina melanocephala,oceania,Brown,Food-related,"Tuck 1 [card] from your hand behind this bird. If you do, lay up to 2 [egg] on this bird. All other players may lay 1 [egg].",,X,,3,Bowl,6,41,X,X,,1,,,,,1,1,,,3,,,,,X,X,X,,X,,,,,,,,X,,,,,,,X,,,,X,,,317,"Whenever you are entitled to gain resources, you may choose to take some but not all of the quantity specified.",https://www.stonemaiergames.com/games/wingspan/rules/#comment-37710,,,,,,,,,,,,,,,,,,,,
North Island Brown Kiwi,Apteryx mantelli,oceania,White,,"Discard a bonus card. If you do, draw 4 bonus cards, keep 2, and discard the other 2.",,,X,6,Wild,1,*,X,X,,2,1,,,,,,,,3,,X,,X,,X,,X,X,X,,,,,X,X,,,X,,,,,X,,X,X,X,,,318,"Whenever you are entitled to gain resources, you may choose to take some but not all of the quantity specified.",https://www.stonemaiergames.com/games/wingspan/rules/#comment-37710,,,,,,,,,,,,,,,,,,,,
Northern Bobwhite,Colinus virginianus,originalcore,Brown,Egg-laying,Lay 1 [egg] on this bird.,,,,5,Ground,6,33,,X,,,3,,,,,,,,3,,X,,X,,,,X,X,X,,,,,,,,,,X,,,,,,,,X,,,174,"Whenever you are entitled to gain resources, you may choose to take some but not all of the quantity specified.",https://www.stonemaiergames.com/games/wingspan/rules/#comment-37710,,,"This bird counts toward the <strong applink=""/card/1023"">Photographer</strong> bonus card.",https://www.facebook.com/groups/wingspanboardgame/permalink/450308885672719/?comment_id=450451978991743&reply_comment_id=452668538770087,,,,,,,,,,,,,,,,
Northern Cardinal,Cardinalis cardinalis,originalcore,Brown,Food from Supply,Gain 1 [fruit] from the supply.,,,,3,Bowl,5,30,X,,,,1,,1,,,,,,2,,X,,,X,,,X,,,,,,X,,,,X,,,,X,,X,,,,,X,,175,You may only reroll dice when gaining food from the birdfeeder and not when gaining food from the supply.,https://www.boardgamegeek.com/thread/2208584/article/32288825#32288825,"Whenever you are entitled to gain resources, you may choose to take some but not all of the quantity specified.",https://www.stonemaiergames.com/games/wingspan/rules/#comment-37710,,,,,,,,,,,,,,,,,,
Northern Flicker,Colaptes auratus,originalcore,White,Food from Birdfeeder,Gain all [invertebrate] that are in the birdfeeder.,,,,2,Cavity,4,51,X,X,,1,1,,1,,,,X,,1,,X,,,X,X,,X,,,,,,,,X,,,,,,X,,,,,,,X,,176,Regular reroll rules apply whenever you have the opportunity to gain food from the birdfeeder.,https://www.stonemaiergames.com/games/wingspan/rules/,"Whenever you are entitled to gain resources, you may choose to take some but not all of the quantity specified.",https://www.stonemaiergames.com/games/wingspan/rules/#comment-37710,,,,,,,,,,,,,,,,,,
Northern Gannet,Morus bassanus,european,Brown,Hunting and fishing,"Roll all dice not in birdfeeder. If any are a [fish], gain that many [fish] from the supply and cache them on this bird.",X,,,5,Ground,1,173,,,X,,,2,,,,,,,2,,X,,,,,,,,X,X,X,,,X,,,,,,,,X,,,X,,X,,,177,You may only reroll dice when gaining food from the birdfeeder and not when gaining food from the supply.,https://www.boardgamegeek.com/thread/2208584/article/32288825#32288825,"Whenever you are entitled to gain resources, you may choose to take some but not all of the quantity specified.",https://www.stonemaiergames.com/games/wingspan/rules/#comment-37710,,,,,,,,,,,,,,,,,,
Northern Goshawk,Accipiter gentilis,european,White,Hunting and Fishing,"For each [rodent] in this bird's cost, you may pay 1 [card] from your hand instead. If you do, tuck the paid [card] behind this card.",X,,,5,Platform,2,106,X,,,,,,,2,,,,X,2,,X,,,,,,,,,X,,,X,X,,,,X,,X,,,,,X,,,X,"If these birds use their power to tuck cards instead of paying some or all of the bird’s food cost, this counts as both a) tucking a card and b) a predator succeeding, and triggers birds with pink powers accordingly.",178,"If you use a bird's power to play in the same habitat a bird an alternative food cost specified via an asterisk next to its food cost, you may pay the alternative cost (which thus counts as paying the bird's <i>""normal food cost""</i>) instead of paying its food cost.",https://www.discord.com/channels/608588053052653580/693358238439047229/709127448922423368,,,"This bird counts toward the <strong applink=""/card/1013"">Falconer</strong> bonus card despite the specification of brown powers in that bonus card's entry in the Appendix.",https://www.boardgamegeek.com/thread/2153031/article/34459426#34459426,,,,,,,,,,,,,,,,
Northern Harrier,Circus cyaneus,originalcore,Brown,Hunting/Fishing,"Look at a [card] from the deck. If <75cm, tuck it behind this bird. If not, discard it.",X,,,3,Platform,2,109,,X,X,,,,,1,,,,,1,,X,,,X,X,,,,,X,,,,X,,,,X,,X,,,,,X,,,X,"These birds eat other birds. Look at the wingspan of the top card of the deck and compare it to their hunting power. <br>If the wingspan of the top card in the deck is less than the bird’s hunting power, tuck that card to signify that your predator hunted successfully. Each tucked card is worth 1 point at the end of the game. <br>If the wingspan of the top card is equal to or larger than your predator’s power, discard the card instead.",179,,,,,,,,,,,,,,,,,,,,,,
Northern Mockingbird,Mimus polyglottos,originalcore,Brown,Other,Repeat a brown power on one other bird in this habitat.,,,,2,Bowl,4,36,X,X,X,1,,,1,,,,,,2,,X,,,X,X,,,,,,,,,,,,,,,,X,,X,,,,X,,A few birds have the power to repeat another bird’s brown power. The repeated bird must be in the same habitat.,180,,,,,"This bird's power activates another bird's brown power, and it may activate a bird's power regardless of whether that bird is to the left or right of this bird.",https://www.boardgamegeek.com/thread/2139859/article/31096068#31096068,,,,,,,"When this bird repeats the power of a bird with a <i>""copy""</i> power (e.g., the <strong applink=""/card/348"">Superb Lyrebird</strong>), this bird repeats the copying power printed on that bird and not any powers that bird copied earlier in the turn.",https://www.facebook.com/groups/wingspanboardgame/permalink/714240602612878/?comment_id=714367625933509&reply_comment_id=715341599169445,,,,,,,,
Northern Shoveler,Spatula clypeata,originalcore,Brown,Card-drawing,All players draw 1 [card] from the deck.,,,,7,Ground,4,76,,,X,1,2,,,,,,,,3,,X,,,,,,X,X,X,,,,,X,,,,,,,,X,,,,,X,,"Draw clockwise, starting with the current player.",181,"Whenever you are entitled to gain resources, you may choose to take some but not all of the quantity specified.",https://www.stonemaiergames.com/games/wingspan/rules/#comment-37710,,,,,,,,,,,,,,,,,,,,
Olive-Backed Sunbird,Cinnyris jugularis,asia,Brown,,Each player may roll any 1 [die] and gain that food from the supply.,,,,3,Wild,2,16,X,X,,,,,,,,1,,,1,X,,,X,X,X,,,,X,,,,,,X,X,X,X,,,,,X,,X,,X,,"Each player may choose a different or the same die, including the die a player just rolled. Take only the food from the die you rolled. If there is a choice on your die face ([invertebrate]/[seed]), choose only 1.",410,You may only reroll dice when gaining food from the birdfeeder and not when gaining food from the supply.,https://www.boardgamegeek.com/thread/2208584/article/32288825#32288825,"Whenever you are entitled to gain resources, you may choose to take some but not all of the quantity specified.",https://www.stonemaiergames.com/games/wingspan/rules/#comment-37710,,,,,,,,,,,,,,,,,,
Orange-Footed Scrubfowl,Megapodius reinwardt,oceania,Yellow,Food-related,"Lay 1 [egg] on each of your birds with a [ground] nest, including this one.",,,,1,Ground,5,43,X,,,,1,,1,,,,X,,1,X,X,,X,X,,,X,,X,,,,X,,,,,,,,X,,,,,,X,,You may count [star] nests as wild and include them when you lay eggs.<br><br>Eggs are laid after scoring the round-end goal for Round 4.,319,"Whenever you are entitled to gain resources, you may choose to take some but not all of the quantity specified.",https://www.stonemaiergames.com/games/wingspan/rules/#comment-37710,,,,,,,,,,,,,,,,,,,,
Oriental Bay-Owl,Phodilus badius,asia,Teal,,"Activate the ""When Activated"" (brown) powers of all your other [predator].",X,,,5,Cavity,2,71,X,,,1,,,,1,,,,,2,,X,,,,,,,,,X,,,X,X,X,,,,,X,,,,,X,,,,"When you use this power, you may activate the brown “when activated” powers of your [predator] birds in any order. These powers are indicated by the [predator] icon to the left of the power (not within the power text).",411,,,,,,,,,,,,,,,,,,,,,,
Oriental Magpie-Robin,Copsychus saularis,asia,Teal,,"For every 3 [egg] in your [grassland], gain 1 [invertebrate] or [seed] from the supply. You may cache up to 2 of them on this bird.",,,,0,Cavity,4,33,X,X,,1,1,,,,,,X,,1,,X,,,X,X,,X,,,,,,,,X,,,,,,,,,,,,X,,"Count the eggs in the habitat specified, then divide by 3 and round down. Gain that many food from the supply. <br>These powers give a choice of food types. If you gain more than one food, you may mix the types.",412,You may only reroll dice when gaining food from the birdfeeder and not when gaining food from the supply.,https://www.boardgamegeek.com/thread/2208584/article/32288825#32288825,"Whenever you are entitled to gain resources, you may choose to take some but not all of the quantity specified.",https://www.stonemaiergames.com/games/wingspan/rules/#comment-37710,,,,,,,,,,,,,,,,,,
Osprey,Pandion haliaetus,originalcore,Brown,Food from Supply,All players gain 1 [fish] from the supply.,,,,5,Platform,2,160,,,X,,,1,,,,,,,1,,,,,,,,,,,,X,,,X,,,,X,,,,X,,,X,,X,,,182,You may only reroll dice when gaining food from the birdfeeder and not when gaining food from the supply.,https://www.boardgamegeek.com/thread/2208584/article/32288825#32288825,"Whenever you are entitled to gain resources, you may choose to take some but not all of the quantity specified.",https://www.stonemaiergames.com/games/wingspan/rules/#comment-37710,,,,,,,,,,,,,,,,,,
Pacific Black Duck,Anas superciliosa,oceania,Yellow,Card-drawing,"For every 2 [egg] in your [wetland], lay 1 [egg] on this bird.",,,,2,Cavity,6,88,,,X,,1,,,,,1,,,2,,X,,X,X,,,X,,,,,,,X,X,X,,,,,,X,,,,,X,,"The egg limit of this bird still applies. For example, if you have 6 eggs in your wetland but only space for 1 more egg on this bird, you lay 1 egg.<br><br>Round down (i.e., if you have 5 eggs in your wetland, lay 2 eggs).<br><br>Eggs are laid after scoring the round-end goal for Round 4.",320,"Whenever you are entitled to gain resources, you may choose to take some but not all of the quantity specified.",https://www.stonemaiergames.com/games/wingspan/rules/#comment-37710,,,,,,,,,,,,,,,,,,,,
Painted Bunting,Passerina ciris,originalcore,White,Other,Draw 2 new bonus cards and keep 1.,,,X,5,Bowl,4,23,,X,,1,2,,,,,,,,3,,,,,,,,X,X,,,,,,,,,X,,X,,,,X,,,X,,X,"Draw two goal cards, pick the one you want to keep, and discard the other. If the deck of goal cards is ever exhausted, shuffle the discards to form a new face-down deck. <br>The birds with this power are all threatened or endangered, or conservationists are concerned that they soon will be because of a declining trend in their population.",183,"Whenever you are entitled to gain resources, you may choose to take some but not all of the quantity specified.",https://www.stonemaiergames.com/games/wingspan/rules/#comment-37710,,,,,,,,,,,,,,,,,,,,
Painted Whitestart,Myioborus pictus,swiftstart,Brown,,Gain 1 [invertebrate] from the supply.,,,,1,Ground,3,22,X,,,1,,,,,,,,,1,,,,X,X,,,,,X,,,X,X,,,,X,,,,,,,,,,,X,,184,You may only reroll dice when gaining food from the birdfeeder and not when gaining food from the supply.,https://www.boardgamegeek.com/thread/2208584/article/32288825#32288825,"Whenever you are entitled to gain resources, you may choose to take some but not all of the quantity specified.",https://www.stonemaiergames.com/games/wingspan/rules/#comment-37710,"This bird does not count toward the <strong applink=""/card/1000"">Anatomist</strong> bonus card.",https://www.facebook.com/groups/wingspanboardgame/permalink/453193798717561/?comment_id=453409608695980&reply_comment_id=455637778473163,,,,,,,,,,,,,,,,
Parrot Crossbill,Loxia pytyopsittacus,european,Brown,Food-related,"Remove any 1 [die] from the birdfeeder, then gain 1 [seed] from the supply.",,,,6,Bowl,2,30,X,,,,3,,,,,,,,3,X,,,,,,,X,X,,,,,X,,,,X,,,,,,X,,X,,X,,You gain a [seed] no matter what food die you removed from the birdfeeder.,185,You may only reroll dice when gaining food from the birdfeeder and not when gaining food from the supply.,https://www.boardgamegeek.com/thread/2208584/article/32288825#32288825,"Whenever you are entitled to gain resources, you may choose to take some but not all of the quantity specified.",https://www.stonemaiergames.com/games/wingspan/rules/#comment-37710,,,,,,,,,,,,,,,,,,
Peaceful Dove,Geopelia placida,oceania,Brown,Food-related,Discard any number of [seed]. Lay 1 [egg] on this bird for each discarded [seed].,,,,3,Platform,4,25,X,X,,,1,,,,,,,,1,,,,,X,X,,X,,,,,,,,,,X,X,,,,,,,,,X,,,321,"<i>""Discarding""</i> food while resolving a bird power counts as <i>""spending""</i>.",https://www.discord.com/channels/608588053052653580/693358238439047229/778341560205967380,"Whenever you are entitled to gain resources, you may choose to take some but not all of the quantity specified.",https://www.stonemaiergames.com/games/wingspan/rules/#comment-37710,,,,,,,,,,,,,,,,,,
Peregrine Falcon,Falco peregrinus,originalcore,Brown,Hunting/Fishing,"Look at a [card] from the deck. If <100cm, tuck it behind this bird. If not, discard it.",X,,,5,Platform,2,104,,X,X,,,,,2,,,,,2,,,,,,X,,,,,X,,,,X,,,,X,,X,,,,,X,,X,,"These birds eat other birds. Look at the wingspan of the top card of the deck and compare it to their hunting power. <br>If the wingspan of the top card in the deck is less than the bird’s hunting power, tuck that card to signify that your predator hunted successfully. Each tucked card is worth 1 point at the end of the game. <br>If the wingspan of the top card is equal to or larger than your predator’s power, discard the card instead.",186,,,,,,,,,,,,,,,,,,,,,,
Pesquet's Parrot,Psittrichas fulgidus,oceania,Brown,Hunting and fishing,"If the player to your right has a [nectar] in their personal supply, gain 1 [nectar] from the general supply.",,,,3,Cavity,2,30,X,,,,,,1,,1,,,,2,,,X,,X,,,,,,,,,X,,X,,X,,,,X,,,,X,,X,,,322,You may only reroll dice when gaining food from the birdfeeder and not when gaining food from the supply.,https://www.boardgamegeek.com/thread/2208584/article/32288825#32288825,"Whenever you are entitled to gain resources, you may choose to take some but not all of the quantity specified.",https://www.stonemaiergames.com/games/wingspan/rules/#comment-37710,,,,,,,,,,,,,,,,,,
Pheasant Coucal,Centropus phasianinus,oceania,Pink,Other,"When another player takes the ""lay eggs"" action, lay 1 [egg] on this bird.",,,,1,Ground,4,50,,X,,1,,,,1,,,,,2,,,,,X,,,,,X,,,,,,,,,,X,X,,,,,,,X,,,323,You may use a pink power during another player's turn after your last turn of the game.,https://www.boardgamegeek.com/thread/2145421/article/31177235#31177235,"You may activate each <i>""once between turns""</i> power on a bird on your player mat once between each of your turns.",https://www.facebook.com/groups/wingspanboardgame/permalink/312352352801707/?comment_id=312354036134872&reply_comment_id=312437246126551,,,You may not use a pink power during your turn (when an opponent performs an action that would otherwise enable using such a power).,https://www.facebook.com/groups/wingspanboardgame/permalink/499161054120835/?comment_id=499167897453484,"If a pink power is triggered by a player using the <i>""gain food""</i>, <i>""lay eggs""</i>, or <i>""draw bird cards""</i> action, the pink power is resolved after the player collects the resources indicated on the player mat but before any brown powers in the corresponding row are activated. If a pink power is triggered by another bird's power, the pink power is resolved after the other bird's power has been resolved.",https://www.boardgamegeek.com/thread/2397920/article/34412077#34412077,"Whenever you are entitled to gain resources, you may choose to take some but not all of the quantity specified.",https://www.stonemaiergames.com/games/wingspan/rules/#comment-37710,,,,,,,,,,
Philippine Eagle,Pithecophaga jefferyi,asia,Teal,,"Roll all 5 [die]. You may reroll any number of [die], up to 2 times. If at least 3 [rodent] are showing when you stop, draw 2 bonus cards and keep 1. Reset the birdfeeder.",X,,,6,Platform,1,193,X,,,,,,,2,,,,,2,,X,,,,,,,,,X,,,X,X,,,,X,,X,,,,,X,X,X,,"After rolling all 5 dice, you may reroll any of those 5 dice again. Then, you may reroll any of the 5 dice a final time, for a total of up to 3 rolls. After you finish rolling, if there are at least 3 [rodent] among the 5 dice, draw 2 bonus cards and keep 1. Reset the birdfeeder, regardless of how many [rodent] there are among the dice.",413,"Whenever you are entitled to gain resources, you may choose to take some but not all of the quantity specified.",https://www.stonemaiergames.com/games/wingspan/rules/#comment-37710,,,,,,,,,,,,,,,,,,,,
Pied-Billed Grebe,Podilymbus podiceps,originalcore,Brown,Card-drawing,"Draw 2 [card]. If you do, discard 1 [card] from your hand at the end of your turn.",,,,0,Platform,4,41,,,X,1,,1,,,,,X,,1,X,,,,X,,,,,,,X,,,,,,,X,,,,X,,,,,X,,"This power adds cards to the wetland’s draw card(s) action, but it has a cost. The next player may start their turn while you are deciding which card(s) to discard.",187,"You may perform an action even if it precludes you from performing an action required at the end of your turn (e.g., discarding a [card] from your hand at the end of a turn in which you activated the <strong applink=""/card/31"">Black Tern</strong>'s power).",https://www.facebook.com/groups/wingspanboardgame/permalink/397335327636742/?comment_id=397350010968607,"If you perform more than one action <i>""at the end of your turn""</i>, you may perform those actions in any order.",https://www.facebook.com/groups/wingspanboardgame/permalink/414814145888860/?comment_id=415023839201224&reply_comment_id=415302489173359,,,"Whenever you are entitled to gain resources, you may choose to take some but not all of the quantity specified.",https://www.stonemaiergames.com/games/wingspan/rules/#comment-37710,,,,,,,,,,,,,,
Pileated Woodpecker,Dryocopus pileatus,originalcore,Brown,Egg-laying,All players lay 1 [egg] on any 1 [cavity] bird. You may lay 1 [egg] on 1 additional [cavity] bird.,,,,4,Cavity,2,74,X,,,1,,,1,,,,,,2,,,,,,,,,,,,,,X,X,X,,,,,,X,,,,X,,,X,"This power allows you to lay an egg on 1 or 2 birds with a specific nest symbol (or a star). All other players can lay an egg on 1 bird with that nest symbol (or a star), if they have one.",188,"Whenever you are entitled to gain resources, you may choose to take some but not all of the quantity specified.",https://www.stonemaiergames.com/games/wingspan/rules/#comment-37710,,,"If you use this bird's power to lay 2 [egg], they must be laid on different [cavity]/[star] birds.",https://www.facebook.com/groups/wingspanboardgame/permalink/322004815169794/?comment_id=322006528502956,,,,,,,,,,,,,,,,
Pine Siskin,Spinus pinus,originalcore,Brown,Flocking,"Tuck a [card] from your hand behind this bird. If you do, gain 1 [seed] from the supply.",,X,,3,Bowl,2,23,X,,,,2,,,,,,,,2,,,,,X,,X,X,,,,,,X,,,,X,,,,,,X,,X,,,X,"These birds all allow you to tuck a card from your hand for a point, then gain some additional benefit (lay an egg, draw a card, or gain a food). You can only gain the benefit if you first tuck a card from your hand.",189,You may only reroll dice when gaining food from the birdfeeder and not when gaining food from the supply.,https://www.boardgamegeek.com/thread/2208584/article/32288825#32288825,"Whenever you are entitled to gain resources, you may choose to take some but not all of the quantity specified.",https://www.stonemaiergames.com/games/wingspan/rules/#comment-37710,,,,,,,,,,,,,,,,,,
Pink-Eared Duck,Malacorhynchus membranaceus,oceania,Brown,Other,Draw 2 [card] from the deck. Keep 1 and give the other to another player.,,,,4,Cavity,3,64,,,X,,1,,,,,1,,,2,X,,,X,,,,X,,,,,,,,X,X,,,,,,X,,,,,,X,,324,"Whenever you are entitled to gain resources, you may choose to take some but not all of the quantity specified.",https://www.stonemaiergames.com/games/wingspan/rules/#comment-37710,,,,,,,,,,,,,,,,,,,,
Plains-Wanderer,Pedionomus torquatus,oceania,White,,Draw 1 bonus card for each bird in your [grassland]. Keep 1 and discard the rest.,,,X,4,Ground,3,32,,X,,1,1,,,,,,,,2,,X,,,,,,X,,X,,,,,,,,,,X,,,,,,,X,X,,,325,"Whenever you are entitled to gain resources, you may choose to take some but not all of the quantity specified.",https://www.stonemaiergames.com/games/wingspan/rules/#comment-37710,,,,,,,,,,,,,,,,,,,,
Plumbeous Redstart,Phoenicurus fuliginosus,asia,Brown,,Draw 1 [card] from the deck and add it to your hand. All other players draw 1 [card] from the deck and add it to their hand if the bird has a [invertebrate] or [seed] in its food cost.,,,,4,Bowl,2,21,,,X,1,,,1,,,,X,,1,,,,X,,,,,,,,,,,,,,X,,,,X,X,X,,X,,,X,The bird must specifically have a [invertebrate] or [seed] symbol. [wild] does not count.,414,"Whenever you are entitled to gain resources, you may choose to take some but not all of the quantity specified.",https://www.stonemaiergames.com/games/wingspan/rules/#comment-37710,,,,,,,,,,,,,,,,,,,,
Princess Stephanie's Astrapia,Astrapia stephaniae,oceania,Brown,Other,Choose 1 other player. You both lay 1 [egg].,,,,6,Platform,1,45,X,,,1,,,1,,,,,,2,,,X,,,,,,,,,,,X,,,,,X,,,X,,,,X,,X,,,326,"Whenever you are entitled to gain resources, you may choose to take some but not all of the quantity specified.",https://www.stonemaiergames.com/games/wingspan/rules/#comment-37710,,,,,,,,,,,,,,,,,,,,
Prothonotary Warbler,Protonotaria citrea,originalcore,,,,,,,8,Cavity,4,23,X,,X,2,1,,,,,,,,3,,,,,,X,,X,X,,,,,,,X,,X,,,,,,,,,,X,,,190,,,,,,,,,,,,,,,,,,,,,,
Purple Gallinule,Porphyrio martinicus,originalcore,Brown,Card-drawing,All players draw 1 [card] from the deck.,,,,7,Platform,4,56,,,X,,1,,1,,,1,,,3,,,,X,,,,X,X,,,,,,,,X,,X,,,X,X,,,,,,X,"Draw clockwise, starting with the current player.",191,"Whenever you are entitled to gain resources, you may choose to take some but not all of the quantity specified.",https://www.stonemaiergames.com/games/wingspan/rules/#comment-37710,,,,,,,,,,,,,,,,,,,,
Purple Heron,Ardea purpurea,asia,Brown,,"Choose any 2 [die]. Roll them up to 3 times. Each time, if you roll at least 1 [invertebrate] or [fish], cache 1 here. If not, stop and return all food cached here this turn.",X,,,2,Platform,2,135,,,X,1,,1,,1,,,X,,1,,,,X,X,,,,,,X,X,,,X,,,,X,,X,,X,,,X,,X,,"These are push-your-luck powers: After each roll, you check to see whether you succeeded or failed. Once you fail, this bird’s activation is over. You also may choose to end the bird’s activation at any time to avoid the risk of failing and losing what you have gained. <br>If you failed, you must stop and return all food cached by this bird during the current activation of this power. <br>If you succeeded, cache 1 food on this bird from the supply (do not cache more than one food after each roll). Then, if you have rolled fewer than 3 times during the current activation of this power, decide whether to roll again.",415,,,,,,,,,,,,,,,,,,,,,,
Purple Martin,Progne subis,originalcore,Brown,Flocking,"Tuck a [card] from your hand behind this bird. If you do, draw 1 [card].",,X,,2,Cavity,3,46,,X,X,1,,,,,,,,,1,,,,X,X,X,X,,,,,,X,,,X,,,,,,,,,,,,X,,"These birds all allow you to tuck a card from your hand for a point, then gain some additional benefit (lay an egg, draw a card, or gain a food). You can only gain the benefit if you first tuck a card from your hand.",192,"Whenever you are entitled to gain resources, you may choose to take some but not all of the quantity specified.",https://www.stonemaiergames.com/games/wingspan/rules/#comment-37710,,,,,,,,,,,,,,,,,,,,
Pygmy Nuthatch,Sitta pygmaea,originalcore,Brown,Flocking,"Tuck a [card] from your hand behind this bird. If you do, gain 1 [invertebrate] or 1 [seed] from the supply.",,X,,2,Cavity,4,20,X,,,1,1,,,,,,,,2,,,,,X,,X,X,,,,,,X,,X,,X,,,,,,,,,,,X,"These birds all allow you to tuck a card from your hand for a point, then gain some additional benefit (lay an egg, draw a card, or gain a food). You can only gain the benefit if you first tuck a card from your hand.",193,You may only reroll dice when gaining food from the birdfeeder and not when gaining food from the supply.,https://www.boardgamegeek.com/thread/2208584/article/32288825#32288825,"Whenever you are entitled to gain resources, you may choose to take some but not all of the quantity specified.",https://www.stonemaiergames.com/games/wingspan/rules/#comment-37710,,,,,,,,,,,,,,,,,,
Pūkeko,Porphyrio melanotus,oceania,Brown,Flocking,Lay 1 [egg] on an adjacent bird.,,,,4,Ground,3,78,,,X,,2,,,,,1,,,3,,,,,,,,X,X,X,,,,,X,,X,,,,,,X,,,,,X,,Adjacent birds are those immediately to the left or right and those immediately above or below.,327,"Whenever you are entitled to gain resources, you may choose to take some but not all of the quantity specified.",https://www.stonemaiergames.com/games/wingspan/rules/#comment-37710,,,,,,,,,,,,,,,,,,,,
Rainbow Lorikeet,Trichoglossus moluccanus,oceania,Brown,Egg-laying,"Discard 1 [nectar] to the ""spent nectar"" space for your [forest]. If you do, gain 2 [die] from the birdfeeder.",,,,1,Cavity,2,46,X,,,,,,1,,1,,,,2,,,,,X,,,,,,,,,X,,X,,,,,,X,,,,X,,,X,,328,Regular reroll rules apply whenever you have the opportunity to gain food from the birdfeeder.,https://www.stonemaiergames.com/games/wingspan/rules/,"<i>""Discarding""</i> food while resolving a bird power counts as <i>""spending""</i>.",https://www.discord.com/channels/608588053052653580/693358238439047229/778341560205967380,,,"Whenever you are entitled to gain resources, you may choose to take some but not all of the quantity specified.",https://www.stonemaiergames.com/games/wingspan/rules/#comment-37710,,,,,,,,,,,,,,
Red Avadavat,Amandava amandava,asia,Brown,,"Give 1 [card] from your hand to another player. If you do, draw 2 [card].",,,,2,Wild,3,13,,X,X,,1,,,,,,,,1,,,,X,X,X,,X,,X,,,,,,X,,X,X,,,,,X,,,,,X,,416,"Whenever you are entitled to gain resources, you may choose to take some but not all of the quantity specified.",https://www.stonemaiergames.com/games/wingspan/rules/#comment-37710,,,,,,,,,,,,,,,,,,,,
Red Crossbill,Loxia curvirostra,originalcore,Brown,Food from Supply,All players gain 1 [seed] from the supply.,,,,6,Bowl,2,28,X,,,,2,,,,,,,,2,X,,,X,,,,X,,,,,,X,,,,X,,,,,,X,,X,,X,,,194,You may only reroll dice when gaining food from the birdfeeder and not when gaining food from the supply.,https://www.boardgamegeek.com/thread/2208584/article/32288825#32288825,"Whenever you are entitled to gain resources, you may choose to take some but not all of the quantity specified.",https://www.stonemaiergames.com/games/wingspan/rules/#comment-37710,,,,,,,,,,,,,,,,,,
Red Junglefowl,Gallus gallus,asia,Brown,,"Count the [egg] on all of your birds. If the total is fewer that 6 [egg], lay 1 [egg] on this bird.",,,,2,Ground,6,75,X,X,X,1,1,,,,,,,,2,,X,,X,X,X,,X,,X,,,,,X,,,,,,,,,,,,,X,,,417,"Whenever you are entitled to gain resources, you may choose to take some but not all of the quantity specified.",https://www.stonemaiergames.com/games/wingspan/rules/#comment-37710,,,,,,,,,,,,,,,,,,,,
Red Kite,Milvus milvus,european,White,Hunting and fishing,"Instead of paying any costs, you may play this bird on top of another bird on your player mat. Discard any eggs and food from that bird. It becomes a tucked card.",X,,,4,Platform,2,157,X,X,X,,,,,1,,1,,X,2,,,,X,,X,,,,,X,,,,X,,X,,X,,X,,,,,X,,X,,"If you use this power, you pay neither the food cost nor the egg cost for these birds. This counts as both a) tucking a card and b) a predator succeeding, and triggers birds with pink powers accordingly. <br>Any cards that were tucked behind the original bird remain tucked, but you must discard any eggs.",195,"Cards whose powers include the phrase <i>""it becomes a tucked card""</i> (e.g., <strong applink=""/card/78"">Common Buzzard</strong>) qualify for the <strong applink=""/card/1008"">Citizen Scientist</strong> bonus card when the Automa has drawn it.",https://www.facebook.com/groups/wingspanboardgame/permalink/507078829995724/?comment_id=507188399984767,"If you use a bird's power to play in the same habitat a bird an alternative food cost specified via an asterisk next to its food cost, you may pay the alternative cost (which thus counts as paying the bird's <i>""normal food cost""</i>) instead of paying its food cost.",https://www.discord.com/channels/608588053052653580/693358238439047229/709127448922423368,"If this bird is played on top of a horizontal one (e.g., <strong applink=""/card/77"">Common Blackbird</strong>), it is also placed horizontally and occupies both columns.",https://www.stonemaiergames.com/games/wingspan/wingspan-european-expansion/,,,,,,,"In games where the Automa has drawn the <strong applink=""/card/1008"">Citizen Scientist</strong> bonus card, this bird qualifies for that bonus card.",https://www.facebook.com/groups/wingspanboardgame/permalink/507078829995724/?comment_id=507188399984767,"This bird counts toward the <strong applink=""/card/1013"">Falconer</strong> bonus card despite the specification of brown powers in that bonus card's entry in the Appendix.",https://www.boardgamegeek.com/thread/2153031/article/34459426#34459426,,,,,,
Red Knot,Calidris canutus,european,White,Other,Draw 1 new bonus card. Then draw 3 [card] and keep 1 of them.,,,X,7,Ground,2,50,,,X,3,,,,,,,,,3,,,,X,,,,,X,X,,,X,,,,,,,,,,X,,,X,X,,X,You may look at the bonus card you drew before doing the second part of these actions.,196,"Whenever you are entitled to gain resources, you may choose to take some but not all of the quantity specified.",https://www.stonemaiergames.com/games/wingspan/rules/#comment-37710,,,,,,,,,,,,,,,,,,,,
Red Wattlebird,Anthochaera carunculata,oceania,White,,Gain 1 [nectar] from the supply for each bird with a wingspan less than 49cm in your [forest].,,,,3,Bowl,2,49,X,,,,,,,,2,,,,2,X,,,X,X,,,,,,,,,X,,,,,,,,,,X,,X,,,X,,329,You may only reroll dice when gaining food from the birdfeeder and not when gaining food from the supply.,https://www.boardgamegeek.com/thread/2208584/article/32288825#32288825,"Whenever you are entitled to gain resources, you may choose to take some but not all of the quantity specified.",https://www.stonemaiergames.com/games/wingspan/rules/#comment-37710,,,,,,,,,,,,,,,,,,
Red-Backed Fairywren,Malurus melanocephalus,oceania,Yellow,Other,"Lay 1 [egg] on each of your birds with a [star] nest, including this one.",,,,4,Wild,3,15,,X,,1,1,,,,,,,,2,X,,,X,,,,X,,X,,,,,,X,,X,X,X,,,,X,,,,,X,This bird lays eggs only on birds with the [star] nest icon.<br><br>Eggs are laid after scoring the round-end goal for Round 4.,330,"Whenever you are entitled to gain resources, you may choose to take some but not all of the quantity specified.",https://www.stonemaiergames.com/games/wingspan/rules/#comment-37710,,,,,,,,,,,,,,,,,,,,
Red-Backed Shrike,Lanius collurio,european,Brown,Food-related,Steal 1 [invertebrate] from another player's supply and cache it on this bird. They gain 1 [die] from the birdfeeder.,,,,5,Bowl,2,33,,X,,1,,,,1,,1,,,3,X,,,X,,,,,X,,,,,,,,X,,,X,X,,,X,,X,,,X,The food that the other player gains does not have to be the same type stolen.,197,Regular reroll rules apply whenever you have the opportunity to gain food from the birdfeeder.,https://www.stonemaiergames.com/games/wingspan/rules/,"Whenever you are entitled to gain resources, you may choose to take some but not all of the quantity specified.",https://www.stonemaiergames.com/games/wingspan/rules/#comment-37710,,,,,,,,,,,,,,,,,,
Red-Bellied Woodpecker,Melanerpes carolinus,originalcore,Brown,Caching Food,Gain 1 [seed] from the birdfeeder (if available). You may cache it on this card.,,,,1,Cavity,3,41,X,,,1,1,,,,,,X,,1,X,,,X,X,,,X,,,,,,X,,X,,,,,,,,,,,,,X,"The birds with these powers are known for caching extra food and saving it for later. As noted on these cards, you can cache exactly 1 food token when their power is activated by placing it on a bird card. Once a food token is cached on a bird card, you cannot spend it. Each token on the card at the end of the game is worth 1 point. If the same dice are showing in the birdfeeder, you may reroll to see if you meet the condition of the bird. If you run out of food tokens, you can cache cards instead.",198,Regular reroll rules apply whenever you have the opportunity to gain food from the birdfeeder.,https://www.stonemaiergames.com/games/wingspan/rules/,"Whenever you are entitled to gain resources, you may choose to take some but not all of the quantity specified.",https://www.stonemaiergames.com/games/wingspan/rules/#comment-37710,,,,,,,,,,,,,,,,,,
Red-Breasted Merganser,Mergus serrator,swiftstart,Brown,,"Draw 2 [card]. If you do, discard 1 [card] from your hand at the end of your turn.",,,,3,Ground,4,78,,,X,1,,1,,,,,,,2,X,,,X,X,,,,,X,,X,,,X,,,,,,,,X,,,,,,X,,199,"You may perform an action even if it precludes you from performing an action required at the end of your turn (e.g., discarding a [card] from your hand at the end of a turn in which you activated the <strong applink=""/card/31"">Black Tern</strong>'s power).",https://www.facebook.com/groups/wingspanboardgame/permalink/397335327636742/?comment_id=397350010968607,"If you perform more than one action <i>""at the end of your turn""</i>, you may perform those actions in any order.",https://www.facebook.com/groups/wingspanboardgame/permalink/414814145888860/?comment_id=415023839201224&reply_comment_id=415302489173359,,,"Whenever you are entitled to gain resources, you may choose to take some but not all of the quantity specified.",https://www.stonemaiergames.com/games/wingspan/rules/#comment-37710,,,,,,,,,,,,,,
Red-Breasted Nuthatch,Sitta canadensis,originalcore,Brown,Caching Food,Gain 1 [seed] from the supply and cache it on this card.,,,,2,Cavity,3,23,X,,,1,1,,,,,,X,,1,X,,,X,X,,,X,,,,,,X,,X,,X,,,,,,,,,,,X,"The birds with these powers are known for caching extra food and saving it for later. As noted on these cards, you can cache exactly 1 food token when their power is activated by placing it on a bird card. Once a food token is cached on a bird card, you cannot spend it. Each token on the card at the end of the game is worth 1 point. If the same dice are showing in the birdfeeder, you may reroll to see if you meet the condition of the bird. If you run out of food tokens, you can cache cards instead.",200,You may only reroll dice when gaining food from the birdfeeder and not when gaining food from the supply.,https://www.boardgamegeek.com/thread/2208584/article/32288825#32288825,"Whenever you are entitled to gain resources, you may choose to take some but not all of the quantity specified.",https://www.stonemaiergames.com/games/wingspan/rules/#comment-37710,,,,,,,,,,,,,,,,,,
Red-Capped Robin,Petroica goodenovii,oceania,Brown,Flocking,"If the player to your left has an [invertebrate] in their personal supply, gain 1 [invertebrate] from the general supply.",,,,2,Bowl,4,17,X,,,1,,,,,,,,,1,X,,,X,X,,,,,,,,X,X,,,,X,,,,,,X,,,,X,,,331,You may only reroll dice when gaining food from the birdfeeder and not when gaining food from the supply.,https://www.boardgamegeek.com/thread/2208584/article/32288825#32288825,"Whenever you are entitled to gain resources, you may choose to take some but not all of the quantity specified.",https://www.stonemaiergames.com/games/wingspan/rules/#comment-37710,,,,,,,,,,,,,,,,,,
Red-Cockaded Woodpecker,Picoides borealis,originalcore,White,Other,Draw 2 new bonus cards and keep 1.,,,X,4,Cavity,2,36,X,,,1,,,1,,,,,,2,,,,X,,,,,,,,,,X,,X,,,,,,X,,,,X,X,,X,"Draw two goal cards, pick the one you want to keep, and discard the other. If the deck of goal cards is ever exhausted, shuffle the discards to form a new face-down deck. <br>The birds with this power are all threatened or endangered, or conservationists are concerned that they soon will be because of a declining trend in their population.",201,"Whenever you are entitled to gain resources, you may choose to take some but not all of the quantity specified.",https://www.stonemaiergames.com/games/wingspan/rules/#comment-37710,,,,,,,,,,,,,,,,,,,,
Red-Crowned Crane,Grus japonensis,asia,White,,Score 1 of your bonus cards now by caching 1 [wild] from the supply on this bird for each point. Discard that bonus card and draw 1 new one.,,,X,5,Ground,2,235,,,X,1,1,,,,,1,,,3,X,,,X,,,,X,X,X,,,,,X,,X,,,,,,X,,,X,X,,X,"These powers use cached food to record how many points a bonus card is worth at the time of activation. It is normal cached food for other purposes, such as the Pellet Dissector bonus card.",418,"Whenever you are entitled to gain resources, you may choose to take some but not all of the quantity specified.",https://www.stonemaiergames.com/games/wingspan/rules/#comment-37710,,,,,,,,,,,,,,,,,,,,
Red-Eyed Vireo,Vireo olivaceus,originalcore,White,Other,Play a second bird in your [forest]. Pay its normal cost.,,,,3,Wild,2,25,X,,,1,,,1,,,,X,,1,X,,,X,X,,,,,X,,,,X,,X,,X,X,,,X,,X,,X,,,X,"Play another bird into the same habitat. You must follow all other rules about how to play birds: it must be a bird that can live in that habitat, and you must discard the food and egg cost for that bird. <br>The birds with this power all are known for spending time in mixed flocks with multiple bird species. Research has shown this can have benefits such as help finding food and being alerted about predators.",202,"You may substitute 2 [wild] for any 1 food in a bird's food cost whenever you play a bird, including outside the scope of the <i>""play a bird""</i> action.",https://www.facebook.com/groups/wingspanboardgame/?post_id=592455651458041&comment_id=592685648101708&reply_comment_id=592771751426431,,,"If you use this bird's power to play another bird with a <i>""play a second bird""</i> power, you may then use the latter bird's power to play yet another bird.",https://www.stonemaiergames.com/games/wingspan/rules/#comment-31474,,,,,,,,,,,,,,,,
Red-Headed Woodpecker,Melanerpes erythrocephalus,originalcore,Brown,Caching Food,Gain 1 [seed] from the birdfeeder (if available). You may cache it on this card.,,,,4,Cavity,3,43,X,X,X,1,1,,,,,1,,,3,X,,,X,,X,,X,X,,,,,,,X,X,,,,,,,,,,,,X,"The birds with these powers are known for caching extra food and saving it for later. As noted on these cards, you can cache exactly 1 food token when their power is activated by placing it on a bird card. Once a food token is cached on a bird card, you cannot spend it. Each token on the card at the end of the game is worth 1 point. If the same dice are showing in the birdfeeder, you may reroll to see if you meet the condition of the bird. If you run out of food tokens, you can cache cards instead.",203,Regular reroll rules apply whenever you have the opportunity to gain food from the birdfeeder.,https://www.stonemaiergames.com/games/wingspan/rules/,"Whenever you are entitled to gain resources, you may choose to take some but not all of the quantity specified.",https://www.stonemaiergames.com/games/wingspan/rules/#comment-37710,,,,,,,,,,,,,,,,,,
Red-Legged Partridge,Alectoris rufa,european,Brown,Egg-laying,"Lay 1 [egg] on each bird in this column, including this one.",,,,1,Ground,6,48,,X,,,3,,,,,,,,3,X,,,X,X,,,X,X,X,,,,,,,,,,X,,,,,,,,,X,,204,"Whenever you are entitled to gain resources, you may choose to take some but not all of the quantity specified.",https://www.stonemaiergames.com/games/wingspan/rules/#comment-37710,,,,,,,,,,,,,,,,,,,,
Red-Necked Avocet,Recurvirostra novaehollandiae,oceania,Brown,Other,"If the player to your left or right has an [invertebrate] in their personal supply, gain 1 [invertebrate] from the general supply.",,,,4,Ground,2,75,,,X,1,1,,,,,,,,2,X,,,X,,,,X,,X,,,,,X,,,,,,,,X,,,X,,,X,,332,You may only reroll dice when gaining food from the birdfeeder and not when gaining food from the supply.,https://www.boardgamegeek.com/thread/2208584/article/32288825#32288825,"Whenever you are entitled to gain resources, you may choose to take some but not all of the quantity specified.",https://www.stonemaiergames.com/games/wingspan/rules/#comment-37710,,,,,,,,,,,,,,,,,,
Red-Shouldered Hawk,Buteo lineatus,originalcore,Brown,Hunting/Fishing,"Look at a [card] from the deck. If <75cm, tuck it under this bird. If not, discard it.",X,,,3,Platform,2,102,X,,,,,,,1,,,,,1,X,,,X,X,,,,,,X,,,X,X,,,,X,,X,,,,,X,,,X,"These birds eat other birds. Look at the wingspan of the top card of the deck and compare it to their hunting power. <br>If the wingspan of the top card in the deck is less than the bird’s hunting power, tuck that card to signify that your predator hunted successfully. Each tucked card is worth 1 point at the end of the game. <br>If the wingspan of the top card is equal to or larger than your predator’s power, discard the card instead.",205,,,,,,,,,,,,,,,,,,,,,,
Red-Tailed Hawk,Buteo jamaicensis,originalcore,Brown,Hunting/Fishing,"Look at a [card] from the deck. If <75cm, tuck it behind this bird. If not, discard it.",X,,,5,Platform,2,124,X,X,X,,,,,2,,,,,2,X,,,X,,X,,,,,X,,,,X,,,,X,,X,,,,,X,,,X,"These birds eat other birds. Look at the wingspan of the top card of the deck and compare it to their hunting power. <br>If the wingspan of the top card in the deck is less than the bird’s hunting power, tuck that card to signify that your predator hunted successfully. Each tucked card is worth 1 point at the end of the game. <br>If the wingspan of the top card is equal to or larger than your predator’s power, discard the card instead.",206,,,,,,,,,,,,,,,,,,,,,,
Red-Vented Bulbul,Pycnonotus cafer,asia,Brown,,"If you have at least 1 [fruit] in your supply, lay 1 [egg] on this bird.",,,,6,Bowl,3,28,,X,,1,,,2,,,,,,3,X,,,X,,,,,X,,,,,,,,,X,,X,,X,,X,,,,,X,The [fruit] is not spent or discarded.,419,"Whenever you are entitled to gain resources, you may choose to take some but not all of the quantity specified.",https://www.stonemaiergames.com/games/wingspan/rules/#comment-37710,,,,,,,,,,,,,,,,,,,,
Red-Wattled Lapwing,Vanellus indicus,asia,Brown,,"Discard any number of [card] from the tray, then refill it. If at least 1 of the discarded birds is a [predator], lay 1 [egg] on this bird.",,,,4,Ground,3,81,,X,X,2,,,,,,,,,2,X,,,X,,X,,,,X,,,X,,X,,,,,,,,,,,,,X,,"The discarded bird can have other habitat icons, but it must also have a grassland habitat to qualify for this power.",420,"<i>""Discarding""</i> food while resolving a bird power counts as <i>""spending""</i>.",https://www.discord.com/channels/608588053052653580/693358238439047229/778341560205967380,"Whenever you are entitled to gain resources, you may choose to take some but not all of the quantity specified.",https://www.stonemaiergames.com/games/wingspan/rules/#comment-37710,,,,,,,,,,,,,,,,,,
Red-Winged Blackbird,Agelaius phoeniceus,originalcore,Brown,Flocking,"Tuck a [card] from your hand behind this bird. If you do, also lay 1 [egg] on this bird.",,X,,2,Bowl,3,33,,X,X,,1,,,,,,,,1,X,,,X,X,X,X,X,,,,,,,,,,,,,,,,X,,,,X,,"These birds all allow you to tuck a card from your hand for a point, then gain some additional benefit (lay an egg, draw a card, or gain a food). You can only gain the benefit if you first tuck a card from your hand.",207,"Whenever you are entitled to gain resources, you may choose to take some but not all of the quantity specified.",https://www.stonemaiergames.com/games/wingspan/rules/#comment-37710,,,"If this bird already has the maximum number of [egg] on it, you may still use its power to tuck a [card].",https://www.boardgamegeek.com/thread/2144148/article/31158388#31158388,,,,,,,,,,,,,,,,
Red-Winged Parrot,Aprosmictus erythropterus,oceania,Brown,Flocking,"Give 1 [nectar] from your supply to another player. If you do, lay 2 [egg] on this bird or gain 2 [die] from the birdfeeder.",,,,6,Cavity,2,49,X,X,X,,1,,1,,1,,,,3,X,,,X,,X,,X,X,,,,,,,X,,,,,,X,,,,X,,,X,,333,Regular reroll rules apply whenever you have the opportunity to gain food from the birdfeeder.,https://www.stonemaiergames.com/games/wingspan/rules/,"Whenever you are entitled to gain resources, you may choose to take some but not all of the quantity specified.",https://www.stonemaiergames.com/games/wingspan/rules/#comment-37710,"Using this bird's power to give a [nectar] to another player does not count as <i>""spending""</i>, so when you do you do not add nectar to the <i>""spent nectar""</i> space for its habitat.",https://discord.com/channels/608588053052653580/693358238439047229/794607413088485398,,,,,,,,,,,,,,,,
Regent Bowerbird,Sericulus chrysocephalus,oceania,Brown,Hunting and Fishing,Choose 1 other player. you both gain 1 [invertebrate] from the supply.,,,,3,Bowl,2,36,X,X,,1,1,,1,,,,X,,1,,,,,X,X,,X,,,,,,,,,,,,,,X,,X,,X,,,X,,334,You may only reroll dice when gaining food from the birdfeeder and not when gaining food from the supply.,https://www.boardgamegeek.com/thread/2208584/article/32288825#32288825,"Whenever you are entitled to gain resources, you may choose to take some but not all of the quantity specified.",https://www.stonemaiergames.com/games/wingspan/rules/#comment-37710,,,,,,,,,,,,,,,,,,
Rhinoceros Auklet,Cerorhinca monocerata,asia,Brown,,"Roll any 2 [die]. If you roll at least 1 [fish], cache 1 [fish] from the supply on this bird. All players may discard 1 [card] from their hand to gain 1 [fish] from the supply.",X,,,5,Ground,1,62,,,X,,,1,,,,,,,1,,,,,,,,,,X,X,X,,,,,,,,,,,X,,,X,,,X,"When rolling 2 dice, you cache only 1 [fish] even if both dice show [fish]. <br>The second half of these powers is independent of the first: All players may discard a to gain a food whether or not the die roll was successful. You are always included in “all players.”",421,"<i>""Discarding""</i> food while resolving a bird power counts as <i>""spending""</i>.",https://www.discord.com/channels/608588053052653580/693358238439047229/778341560205967380,You may only reroll dice when gaining food from the birdfeeder and not when gaining food from the supply.,https://www.boardgamegeek.com/thread/2208584/article/32288825#32288825,,,"Whenever you are entitled to gain resources, you may choose to take some but not all of the quantity specified.",https://www.stonemaiergames.com/games/wingspan/rules/#comment-37710,,,,,,,,,,,,,,
Ring-Billed Gull,Larus delawarensis,originalcore,Brown,Flocking,"Tuck a [card] from your hand behind this bird. If you do, draw 1 [card].",,X,,4,Ground,2,122,,,X,,,,,,,2,,,2,X,,,,,,X,,,X,,,,,X,,X,,,,,,X,,,X,,,X,"These birds all allow you to tuck a card from your hand for a point, then gain some additional benefit (lay an egg, draw a card, or gain a food). You can only gain the benefit if you first tuck a card from your hand.",208,"Whenever you are entitled to gain resources, you may choose to take some but not all of the quantity specified.",https://www.stonemaiergames.com/games/wingspan/rules/#comment-37710,,,,,,,,,,,,,,,,,,,,
Rock Pigeon,Columba livia,asia,Brown,,All players lay 1 [egg]. You lay 1 additional [egg].,,,,0,Platform,4,64,,X,,1,1,,,,,,X,,1,,,,,X,,,X,,,,,,,,,,,X,X,,,,,,,,X,,"You may lay the [egg] on any bird. <br>For the rock pigeon, you may (but need not) lay the second egg on same bird as the first.",422,"Whenever you are entitled to gain resources, you may choose to take some but not all of the quantity specified.",https://www.stonemaiergames.com/games/wingspan/rules/#comment-37710,,,,,,,,,,,,,,,,,,,,
Rook,Corvus frugilegus,asia,Brown,,"Cache 1 [wild] from your supply on this bird or tuck 1 [card] from your hand behind this bird. If you do either, tuck 1 [card] from the deck behind this bird.",,X,,1,Platform,3,90,,X,,,,,,,,1,,,1,,,,,X,,X,,,,,,,,X,,X,,X,X,,,,,,,,X,,,423,,,,,,,,,,,,,,,,,,,,,,
Rose-Breasted Grosbeak,Pheucticus ludovicianus,originalcore,Brown,Food from Birdfeeder,"Gain 1 [seed] or [fruit] from the birdfeeder, if there is one.",,,,6,Bowl,3,33,X,,,1,1,,1,,,,,,3,X,,,X,,,,X,X,,,,,X,,,,,,,,X,,X,,,,X,,,209,Regular reroll rules apply whenever you have the opportunity to gain food from the birdfeeder.,https://www.stonemaiergames.com/games/wingspan/rules/,"Whenever you are entitled to gain resources, you may choose to take some but not all of the quantity specified.",https://www.stonemaiergames.com/games/wingspan/rules/#comment-37710,"When using this bird's power, if all [die] in the birdfeeder show the same face you may reroll before taking food.",https://www.stonemaiergames.com/games/wingspan/rules/#comment-30543,,,,,,,,,,,,,,,,
Rose-Ringed Parakeet,Psittacula krameri,asia,White,,"Copy a ""When Played"" (white) ability on 1 of your neighbors' birds.",,,,2,Cavity,2,45,X,X,,1,1,,,,,,X,,1,,,,X,X,X,,X,,,,,,,,X,,,,,,,,,,X,,X,,"The copied power must be a white “when played” power. <br>This bird may copy a white “when played” power that lets you play an additional bird, even in a habitat other than the one in which this bird is played. The additional bird must be played in a habitat specified by the copied power, if there is one. <br>Since this bird cannot be played in the [wetland], it cannot copy a white power that specifies playing it in the that habitat (e.g., the Grey Heron, from the European Expansion). <br>If you use this bird to copy the white “when played” power of a bird with an alternative food cost, you may pay that alternative food cost to play this bird as applicable. (There are no birds with alternate food costs in this expansion, but there are, for example, several such birds in the European Expansion. Alternate food costs are specified with an asterisk [*] next to the food cost.)",424,,,,,,,,,,,,,,,,,,,,,,
Roseate Spoonbill,Platalea ajaja,originalcore,White,Other,Draw 2 new bonus cards and keep 1.,,,X,6,Platform,2,127,,,X,1,1,1,,,,,,,3,X,,,X,,,,X,X,,,X,,,X,,,,X,,,,X,,,X,X,,X,"Draw two goal cards, pick the one you want to keep, and discard the other. If the deck of goal cards is ever exhausted, shuffle the discards to form a new face-down deck. <br>The birds with this power are all threatened or endangered, or conservationists are concerned that they soon will be because of a declining trend in their population.",210,"Whenever you are entitled to gain resources, you may choose to take some but not all of the quantity specified.",https://www.stonemaiergames.com/games/wingspan/rules/#comment-37710,,,,,,,,,,,,,,,,,,,,
Rosy Starling,Pastor roseus,asia,Brown,,"Tuck up to 3 [card] from your hand behind this bird. If you tuck at least 1 [card], gain 1 [invertebrate] from the supply.",,X,,4,Cavity,3,35,X,X,X,1,1,,1,,,,,,3,,,,X,,X,X,X,X,,,,,,,X,,,,,,X,,,,,,X,,,425,You may only reroll dice when gaining food from the birdfeeder and not when gaining food from the supply.,https://www.boardgamegeek.com/thread/2208584/article/32288825#32288825,"Whenever you are entitled to gain resources, you may choose to take some but not all of the quantity specified.",https://www.stonemaiergames.com/games/wingspan/rules/#comment-37710,,,,,,,,,,,,,,,,,,
Royal Spoonbill,Platalea regia,oceania,Brown,Food-related,Draw 1 face-up [card] from the tray with a [platform] or [star] nest. You may reset or refill the tray before doing so.,,,,4,Platform,2,120,,,X,1,,1,,,,,,,2,X,,,,,,,,,,,X,,,X,,,,X,,,,X,,,X,,,X,"Before drawing a face-up card with the nest type shown, you may:<ul><li>reset the tray (discard all face-up cards and put out 3 new face-up cards), or</li><li>refill the tray (place new cards from the deck in any empty slots), or</li><li>leave the tray as-is.</li></ul>",335,"Whenever you are entitled to gain resources, you may choose to take some but not all of the quantity specified.",https://www.stonemaiergames.com/games/wingspan/rules/#comment-37710,,,,,,,,,,,,,,,,,,,,
Ruby-Crowned Kinglet,Regulus calendula,originalcore,White,Other,Play a second bird in your [forest]. Pay its normal cost.,,,,2,Bowl,3,20,X,,,1,1,,1,,,,X,,1,X,,,X,X,,,X,,,,,,X,,,,X,,,,X,,X,,,,,X,"Play another bird into the same habitat. You must follow all other rules about how to play birds: it must be a bird that can live in that habitat, and you must discard the food and egg cost for that bird. <br>The birds with this power all are known for spending time in mixed flocks with multiple bird species. Research has shown this can have benefits such as help finding food and being alerted about predators.",211,"You may substitute 2 [wild] for any 1 food in a bird's food cost whenever you play a bird, including outside the scope of the <i>""play a bird""</i> action.",https://www.facebook.com/groups/wingspanboardgame/?post_id=592455651458041&comment_id=592685648101708&reply_comment_id=592771751426431,,,"If you use this bird's power to play another bird with a <i>""play a second bird""</i> power, you may then use the latter bird's power to play yet another bird.",https://www.stonemaiergames.com/games/wingspan/rules/#comment-31474,,,,,,,,,,,,,,,,
Ruby-Throated Hummingbird,Archilochus colubris,originalcore,Brown,Food from Birdfeeder,"Each player gains 1 [die] from the birdfeeder, starting with the player of your choice.",,,,4,Bowl,2,10,X,X,X,,,,,,,1,,,1,X,,,X,,X,,,,,,,,,,,X,X,,,,,,X,X,X,,X,,"The hummingbird’s owner decides which person gains the first food, and then players gain food in turn order. Players may reset the birdfeeder if it is empty or if all dice are showing the same face.",212,Regular reroll rules apply whenever you have the opportunity to gain food from the birdfeeder.,https://www.stonemaiergames.com/games/wingspan/rules/,"Whenever you are entitled to gain resources, you may choose to take some but not all of the quantity specified.",https://www.stonemaiergames.com/games/wingspan/rules/#comment-37710,,,,,,,,,,,,,,,,,,
Ruddy Duck,Oxyura jamaicensis,originalcore,Brown,Card-drawing,"Draw 2 [card]. If you do, discard 1 [card] from your hand at the end of your turn.",,,,0,Platform,5,48,,,X,1,1,,,,,,X,,1,,,,X,X,,,X,,,,,,,,,,,X,,,,X,,,,,,X,"This power adds cards to the wetland’s draw card(s) action, but it has a cost. The next player may start their turn while you are deciding which card(s) to discard.",213,"You may perform an action even if it precludes you from performing an action required at the end of your turn (e.g., discarding a [card] from your hand at the end of a turn in which you activated the <strong applink=""/card/31"">Black Tern</strong>'s power).",https://www.facebook.com/groups/wingspanboardgame/permalink/397335327636742/?comment_id=397350010968607,"If you perform more than one action <i>""at the end of your turn""</i>, you may perform those actions in any order.",https://www.facebook.com/groups/wingspanboardgame/permalink/414814145888860/?comment_id=415023839201224&reply_comment_id=415302489173359,,,"Whenever you are entitled to gain resources, you may choose to take some but not all of the quantity specified.",https://www.stonemaiergames.com/games/wingspan/rules/#comment-37710,,,,,,,,,,,,,,
Ruddy Shelduck,Jadorna ferruginea,asia,Teal,,"Draw 5 [card] from the deck. Add 1 to your hand, tuck 1 behind this bird, and discard the rest.",,X,,3,Cavity,5,123,,,X,,2,,,,,1,,,3,,,,X,X,,X,X,X,,,,,,X,X,X,,,,,,X,,,,,,X,"If you choose to activate these birds at the end of the round, all parts of their activations are mandatory.",426,"Whenever you are entitled to gain resources, you may choose to take some but not all of the quantity specified.",https://www.stonemaiergames.com/games/wingspan/rules/#comment-37710,,,,,,,,,,,,,,,,,,,,
Ruff,Calidris pugnax,european,Teal,Flocking,Tuck up to 3 [card] from your hand behind this bird. Draw 1 [card] for each card you tucked.,,X,,2,Ground,2,56,,X,X,1,,,,,,1,,,2,,,,,X,X,X,,,X,,,,,,,X,,,,,,,,,X,,X,,,214,"Whenever you are entitled to gain resources, you may choose to take some but not all of the quantity specified.",https://www.stonemaiergames.com/games/wingspan/rules/#comment-37710,,,"This bird counts toward the <strong applink=""/card/1004"">Bird Counter</strong> bonus card despite the specification of brown powers in that bonus card's entry in the Appendix.",https://www.boardgamegeek.com/thread/2153031/article/34459426#34459426,,,,,,,,,,,,,,,,
Rufous Night-Heron,Nycticorax caledonicus,oceania,Brown,Hunting and fishing,"Look at a [card] from the deck. If it can live in [wetland], tuck it behind this bird. If not, discard it.",X,,,5,Platform,2,106,,,X,1,,1,,,,,,,2,,,,X,,,,,,,X,X,,,X,,,,X,,,,X,,,X,,,X,,336,,,,,,,,,,,,,,,,,,,,,,
Rufous Owl,Ninox rufa,oceania,Brown,Other,Draw 1 face-up [card] from the tray with a wingspan less than 75cm and tuck it behind this bird.,X,,,7,Cavity,2,115,X,,,,,,,3,,,,,3,,,,X,,,,,X,,X,,,X,X,X,,,,,X,,,,,X,,,,,337,"Whenever you are entitled to gain resources, you may choose to take some but not all of the quantity specified.",https://www.stonemaiergames.com/games/wingspan/rules/#comment-37710,,,,,,,,,,,,,,,,,,,,
Rufous-Banded Honeyeater,Conopophila albogularis,oceania,Brown,Food-related,"Discard 1 [invertebrate]. If you do, gain 1 [nectar] from the supply.",,,,0,Bowl,4,22,X,,X,1,,,,,1,,X,,1,,,,X,X,X,,,,,,,X,,,,,X,,,,,,X,,,,X,,,338,"<i>""Discarding""</i> food while resolving a bird power counts as <i>""spending""</i>.",https://www.discord.com/channels/608588053052653580/693358238439047229/778341560205967380,You may only reroll dice when gaining food from the birdfeeder and not when gaining food from the supply.,https://www.boardgamegeek.com/thread/2208584/article/32288825#32288825,"As of the release of the Oceania Expansion, <i>honey</i> is no longer a keyword for the <strong applink=""/card/1023"">Photographer</strong> bonus card, but <i>rufous</i> is a keyword, and hence this bird qualifies for that bonus card.",Oceania Expansion rulebook,"Whenever you are entitled to gain resources, you may choose to take some but not all of the quantity specified.",https://www.stonemaiergames.com/games/wingspan/rules/#comment-37710,,,,,,,,,,,,,,
Sacred Kingfisher,Todiramphus sanctus,oceania,Pink,Egg-laying,"When another player takes the ""gain food"" action, gain 1 [invertebrate], [fish], or [rodent] from the birdfeeder, if there is one, at the end of their turn.",X,,,0,Cavity,4,30,X,X,X,1,,1,,1,,,X,,1,,,,,X,X,,,,,X,X,,,,X,,X,,,X,,,,,,,,X,"Before gaining this food, you may reroll the dice in the birdfeeder if they are all showing one face.",339,You may use a pink power during another player's turn after your last turn of the game.,https://www.boardgamegeek.com/thread/2145421/article/31177235#31177235,"You may activate each <i>""once between turns""</i> power on a bird on your player mat once between each of your turns.",https://www.facebook.com/groups/wingspanboardgame/permalink/312352352801707/?comment_id=312354036134872&reply_comment_id=312437246126551,,,You may not use a pink power during your turn (when an opponent performs an action that would otherwise enable using such a power).,https://www.facebook.com/groups/wingspanboardgame/permalink/499161054120835/?comment_id=499167897453484,"If a pink power is triggered by a player using the <i>""gain food""</i>, <i>""lay eggs""</i>, or <i>""draw bird cards""</i> action, the pink power is resolved after the player collects the resources indicated on the player mat but before any brown powers in the corresponding row are activated. If a pink power is triggered by another bird's power, the pink power is resolved after the other bird's power has been resolved.",https://www.boardgamegeek.com/thread/2397920/article/34412077#34412077,Regular reroll rules apply whenever you have the opportunity to gain food from the birdfeeder.,https://www.stonemaiergames.com/games/wingspan/rules/,,,,,"Whenever you are entitled to gain resources, you may choose to take some but not all of the quantity specified.",https://www.stonemaiergames.com/games/wingspan/rules/#comment-37710,,,,
Sandhill Crane,Antigone canadensis,originalcore,Brown,Flocking,Discard 1 [seed] to tuck 2 [card] from the deck behind this bird.,,X,,5,Ground,1,196,,X,X,,2,,,,,1,,,3,,X,,,,X,X,X,X,X,,,,,X,,X,,,,,,,,,X,,X,,These powers allow you to discard a specific type of food to take 2 cards from the deck and tuck them behind the bird. You must have the food in your personal supply; you cannot take it from a bird card.,215,"<i>""Discarding""</i> food while resolving a bird power counts as <i>""spending""</i>.",https://www.discord.com/channels/608588053052653580/693358238439047229/778341560205967380,,,,,,,,,,,,,,,,,,,,
Sarus Crane,Antigone antigone,asia,Brown,,Each player may discard 1 [egg] to draw 1 [card] from the deck.,,,,7,Ground,2,250,,,X,,,,,,,3,,,3,,,,,,,,,X,X,,,,,X,,X,,,,,,X,,,X,,,X,,427,"<i>""Discarding""</i> food while resolving a bird power counts as <i>""spending""</i>.",https://www.discord.com/channels/608588053052653580/693358238439047229/778341560205967380,"Whenever you are entitled to gain resources, you may choose to take some but not all of the quantity specified.",https://www.stonemaiergames.com/games/wingspan/rules/#comment-37710,,,,,,,,,,,,,,,,,,
Satyr Tragopan,Tragopan satyra,asia,Brown,,"Give 1 [card] from your hand to another player. If you do, lay 2 [egg] on this bird.",,,,5,Platform,2,26,X,,,,1,,1,,,,,,2,,,,,,,,X,,,,,,X,,,,X,X,,,X,,,,X,,X,,,428,"Whenever you are entitled to gain resources, you may choose to take some but not all of the quantity specified.",https://www.stonemaiergames.com/games/wingspan/rules/#comment-37710,,,,,,,,,,,,,,,,,,,,
Savannah Sparrow,Passerculus sandwichensis,originalcore,White,Other,Play a second bird in your [grassland]. Pay its normal cost.,,,,2,Ground,3,18,,X,,1,1,,,,,,X,,1,,X,,,X,,,X,,X,,,,,,,,X,,X,,,,,,,,,X,"Play another bird into the same habitat. You must follow all other rules about how to play birds: it must be a bird that can live in that habitat, and you must discard the food and egg cost for that bird. <br>The birds with this power all are known for spending time in mixed flocks with multiple bird species. Research has shown this can have benefits such as help finding food and being alerted about predators.",216,"You may substitute 2 [wild] for any 1 food in a bird's food cost whenever you play a bird, including outside the scope of the <i>""play a bird""</i> action.",https://www.facebook.com/groups/wingspanboardgame/?post_id=592455651458041&comment_id=592685648101708&reply_comment_id=592771751426431,,,"If you use this bird's power to play another bird with a <i>""play a second bird""</i> power, you may then use the latter bird's power to play yet another bird.",https://www.stonemaiergames.com/games/wingspan/rules/#comment-31474,,,,,,,,,,,,,,,,
Savi's Warbler,Locustella luscinioides,european,Brown,Card-drawing,Draw 2 [card]. All other players draw 1 [card] from the deck.,,,,1,Bowl,4,20,,,X,1,,,,,,,,,1,,,X,,X,,,,,,,,X,,,,,X,,,,,X,X,,,,,X,"You may choose to draw face-up cards or from the deck as normal, but each other player may only draw their card from the deck.",217,"Whenever you are entitled to gain resources, you may choose to take some but not all of the quantity specified.",https://www.stonemaiergames.com/games/wingspan/rules/#comment-37710,,,,,,,,,,,,,,,,,,,,
Say's Phoebe,Sayornis saya,originalcore,White,Egg-laying,Lay 1 [egg] on each of your birds with a [bowl] nest.,,,,5,Bowl,3,33,,X,,3,,,,,,,,,3,,,X,,,,,,X,,,,X,,,,,,,X,,,,X,,,,,X,"This power allows you to lay eggs on all of your birds that have a specific nest symbol (and all birds with a star nest symbol), including the newly played bird.",218,"Whenever you are entitled to gain resources, you may choose to take some but not all of the quantity specified.",https://www.stonemaiergames.com/games/wingspan/rules/#comment-37710,,,,,,,,,,,,,,,,,,,,
Scaled Quail,Callipepla squamata,swiftstart,Brown,,Lay 1 [egg] on this bird.,,,,0,Ground,6,36,,X,,,1,,,,,,,,1,,,,,X,,,X,,X,,,,,,,,,,X,,,,,,,,,X,,219,"Whenever you are entitled to gain resources, you may choose to take some but not all of the quantity specified.",https://www.stonemaiergames.com/games/wingspan/rules/#comment-37710,,,,,,,,,,,,,,,,,,,,
Scaly-Breasted Munia,Lanchura punctulata,asia,Brown,,Gain 1 [seed] from the supply or tuck 1 [card] from the deck behind this bird.,,X,,2,Wild,3,22,,X,X,,1,,1,,,,,,2,X,,,,X,X,X,X,,X,,,,,,X,,X,X,,,X,,X,,,,X,,,429,You may only reroll dice when gaining food from the birdfeeder and not when gaining food from the supply.,https://www.boardgamegeek.com/thread/2208584/article/32288825#32288825,"Whenever you are entitled to gain resources, you may choose to take some but not all of the quantity specified.",https://www.stonemaiergames.com/games/wingspan/rules/#comment-37710,,,,,,,,,,,,,,,,,,
Scissor-Tailed Flycatcher,Tyrannus forficatus,originalcore,Brown,Food from Supply,All players gain 1 [invertebrate] from the supply.,,,,8,Bowl,2,38,,X,,2,,,1,,,,,,3,X,,,,,,,,X,,,,,,,,,,,X,,X,,X,,X,,,X,,220,You may only reroll dice when gaining food from the birdfeeder and not when gaining food from the supply.,https://www.boardgamegeek.com/thread/2208584/article/32288825#32288825,"Whenever you are entitled to gain resources, you may choose to take some but not all of the quantity specified.",https://www.stonemaiergames.com/games/wingspan/rules/#comment-37710,,,,,,,,,,,,,,,,,,
Short-Toed Treecreeper,Certhia brachydactyla,european,Brown,Other,"Discard 1 [egg] from any bird. If you do, play another bird in your [forest]. Pay its normal food and egg cost.",,,,2,Cavity,5,20,X,,,1,1,,,,,,,,2,X,,,,X,,,X,,,,,,X,,X,,X,,,,,,,,,,,,"If the additional bird has a “when played” power, it is triggered when the bird is played.",221,"You may substitute 2 [wild] for any 1 food in a bird's food cost whenever you play a bird, including outside the scope of the <i>""play a bird""</i> action.",https://www.facebook.com/groups/wingspanboardgame/?post_id=592455651458041&comment_id=592685648101708&reply_comment_id=592771751426431,"<i>""Discarding""</i> food while resolving a bird power counts as <i>""spending""</i>.",https://www.discord.com/channels/608588053052653580/693358238439047229/778341560205967380,"Using this bird's power to play a bird in your [forest] triggers the power of the <strong applink=""/card/104"">Eastern Kingbird</strong> on another player's player mat, despite the <strong applink=""/card/104"">Eastern Kingbird</strong>'s entry in the Appendix.",https://www.facebook.com/groups/wingspanboardgame/?post_id=592581981445408&comment_id=592771208093152,,,,,,,,,,,,,,,,
Silvereye,Zosterops lateralis,oceania,Brown,Food-related,All players gain 1 [nectar] from the supply.,,,,4,Bowl,4,17,X,X,X,1,,,,,1,,,,2,X,,,X,,X,,,,,,,X,,,,,X,,,,,,X,,,,X,,,340,You may only reroll dice when gaining food from the birdfeeder and not when gaining food from the supply.,https://www.boardgamegeek.com/thread/2208584/article/32288825#32288825,"Whenever you are entitled to gain resources, you may choose to take some but not all of the quantity specified.",https://www.stonemaiergames.com/games/wingspan/rules/#comment-37710,,,,,,,,,,,,,,,,,,
Small Minivet,Pericrocolus cinnamomeus,asia,White,,Play 1 additional bird in your [forest]. You may ignore 1 [invertebrate] or 1 [egg] in its cost.,,,,3,Bowl,2,28,X,,,1,,,,,,,,,1,,,,,X,,,,,,,,X,X,,,,X,,,,,,X,,X,,,X,You may ignore 1 [wild] requirement in the additional bird’s food cost in place of ignoring 1 [invertebrate] in it.,430,,,,,,,,,,,,,,,,,,,,,,
Smew,Mergellus albellus,asia,White,,Draw 4 [card]. Tuck 2 [card] behind this bird and add the other 2 [card] to your hand.,,X,,4,Cavity,4,62,X,,X,1,1,1,,,,,,,3,,,,,,X,X,X,X,,,X,,,,X,,,,,,,,,,,,,X,"When you use this bird’s power, tucking is part of the action’s cost and is mandatory.",431,"Whenever you are entitled to gain resources, you may choose to take some but not all of the quantity specified.",https://www.stonemaiergames.com/games/wingspan/rules/#comment-37710,,,,,,,,,,,,,,,,,,,,
Snow Bunting,Plectrophenax nivalis,european,Pink,Tucking,"When another player tucks a [card] for any reason, tuck 1 [card] from your hand behind this bird, then draw 1 [card] at the end of their turn.",,X,,5,Cavity,2,35,,X,X,1,1,,,,,,,,2,,,,,,X,X,X,,,,,,,,X,,,,,,,,,,X,,X,,,222,You may use a pink power during another player's turn after your last turn of the game.,https://www.boardgamegeek.com/thread/2145421/article/31177235#31177235,"You may activate each <i>""once between turns""</i> power on a bird on your player mat once between each of your turns.",https://www.facebook.com/groups/wingspanboardgame/permalink/312352352801707/?comment_id=312354036134872&reply_comment_id=312437246126551,"This bird counts toward the <strong applink=""/card/1023"">Photographer</strong> bonus card.",https://www.stonemaiergames.com/games/wingspan/rules/#comment-35706,You may not use a pink power during your turn (when an opponent performs an action that would otherwise enable using such a power).,https://www.facebook.com/groups/wingspanboardgame/permalink/499161054120835/?comment_id=499167897453484,"If a pink power is triggered by a player using the <i>""gain food""</i>, <i>""lay eggs""</i>, or <i>""draw bird cards""</i> action, the pink power is resolved after the player collects the resources indicated on the player mat but before any brown powers in the corresponding row are activated. If a pink power is triggered by another bird's power, the pink power is resolved after the other bird's power has been resolved.",https://www.boardgamegeek.com/thread/2397920/article/34412077#34412077,"Whenever you are entitled to gain resources, you may choose to take some but not all of the quantity specified.",https://www.stonemaiergames.com/games/wingspan/rules/#comment-37710,"When using this bird's power, draw the [card] from the bird tray before it is refilled.",https://www.boardgamegeek.com/thread/2336787/article/33673995#33673995,"This bird counts toward the <strong applink=""/card/1004"">Bird Counter</strong> bonus card despite the specification of brown powers in that bonus card's entry in the Appendix.",https://www.boardgamegeek.com/thread/2153031/article/34459426#34459426,,,,,,
Snowy Egret,Egretta thula,originalcore,Brown,Hunting/Fishing,"Roll all dice not in birdfeeder. If any are [fish], gain 1 [fish] and cache it on this card.",X,,,4,Platform,2,104,,,X,1,,1,,,,,X,,1,,,,X,,,,,,,X,X,,,X,,,,X,,,,X,,,X,,X,,"Birds that eat rodents or fish roll all dice that are not in the birdfeeder. (Note that you will never roll more than 4 dice, because when all 5 dice are out of the birdfeeder it must reset immediately.) Roll dice on the table; they do not go back into the birdfeeder. If one or more dice show the specified type, take at most 1 token of that type from the supply and cache it on your card (see “Caching food”). Each token on a bird card is worth 1 point at the end of the game.",223,"Whenever you are entitled to gain resources, you may choose to take some but not all of the quantity specified.",https://www.stonemaiergames.com/games/wingspan/rules/#comment-37710,,,,,,,,,,,,,,,,,,,,
Snowy Owl,Bubo scandiacus,european,White,Other,Draw 1 new bonus card. Then gain 1 [card] or lay 1 [egg] on any bird.,,,X,4,Ground,3,138,,X,X,,,,,2,,,,,2,,,,X,,X,,,,X,,,,,X,,,,,,X,,,,,,X,,,You may look at the bonus card you drew before doing the second part of these actions.,224,"Whenever you are entitled to gain resources, you may choose to take some but not all of the quantity specified.",https://www.stonemaiergames.com/games/wingspan/rules/#comment-37710,,,,,,,,,,,,,,,,,,,,
Song Sparrow,Melospiza melodia,originalcore,Brown,Other,"If this bird is to the right of all other birds in its habitat, move it to another habitat.",,,,0,Bowl,5,20,X,X,X,1,1,,1,,,,X,,1,,,,,X,X,,X,,,,,,,,,,X,,,,X,,X,,,,,X,"These birds are all able to live in a variety of habitats, and their power is to move from habitat to habitat—but only if they’re the last bird in that row. (They can be in any column.) This can be powerful for increasing your abilities in multiple habitats, and for scoring on end-of-round goals. Be careful not to play another bird to the right of one of these cards, or you won’t be able to use its power!",225,,,,,"When using this bird's power to move this bird to another habitat, the action cube does not change habitats with it.",https://www.stonemaiergames.com/games/wingspan/rules/,,,,,,,,,,,,,,,,
South Island Robin,Petroica australis,oceania,Brown,Food-related,"If the player to your right has an [invertebrate] in their supply, cache 1 [invertebrate] from the general supply on this bird.",,,,1,Bowl,5,24,X,X,,1,,,,,,,,,1,,X,,,X,X,,,,,,,X,,,,,X,,,,,,X,,,,,X,,341,,,,,,,,,,,,,,,,,,,,,,
Southern Cassowary,Casuarius casuarius,oceania,White,Other,"Discard a bird from your [forest] and put this bird in its place (do not pay an egg cost). If you do, lay 4 [egg] on this bird and gain 2 [fruit] from the supply.",,,,4,Ground,4,*,X,,,,,,2,,,1,,,3,,X,,,,,,,X,X,,,,X,X,,X,,,,,X,,,,,,X,,"You must pay the food cost of the cassowary, but not the egg cost. You may play the cassowary in an empty space, but then you must pay its egg cost and you do not lay eggs or gain fruit.",342,"<i>""Discarding""</i> food while resolving a bird power counts as <i>""spending""</i>.",https://www.discord.com/channels/608588053052653580/693358238439047229/778341560205967380,You may only reroll dice when gaining food from the birdfeeder and not when gaining food from the supply.,https://www.boardgamegeek.com/thread/2208584/article/32288825#32288825,"When using this bird's power to discard another bird from your mat, all food cached on that bird, [egg] laid on that bird, and [card] tucked under that bird are discarded.",https://www.facebook.com/groups/wingspanboardgame/permalink/649739262396346/,"Whenever you are entitled to gain resources, you may choose to take some but not all of the quantity specified.",https://www.stonemaiergames.com/games/wingspan/rules/#comment-37710,,,,,,,,,,,,,,
Spangled Drongo,Dicrurus bracteatus,oceania,Pink,Egg-laying,"When another player gains [nectar], gain 1 [nectar] from the supply.",,,,1,Bowl,2,27,X,,,1,,,,,1,1,,,3,,,,,X,,,,X,,,,,X,,,X,X,,,,,,X,,X,,,X,,343,You may use a pink power during another player's turn after your last turn of the game.,https://www.boardgamegeek.com/thread/2145421/article/31177235#31177235,"You may activate each <i>""once between turns""</i> power on a bird on your player mat once between each of your turns.",https://www.facebook.com/groups/wingspanboardgame/permalink/312352352801707/?comment_id=312354036134872&reply_comment_id=312437246126551,,,You may not use a pink power during your turn (when an opponent performs an action that would otherwise enable using such a power).,https://www.facebook.com/groups/wingspanboardgame/permalink/499161054120835/?comment_id=499167897453484,"If a pink power is triggered by a player using the <i>""gain food""</i>, <i>""lay eggs""</i>, or <i>""draw bird cards""</i> action, the pink power is resolved after the player collects the resources indicated on the player mat but before any brown powers in the corresponding row are activated. If a pink power is triggered by another bird's power, the pink power is resolved after the other bird's power has been resolved.",https://www.boardgamegeek.com/thread/2397920/article/34412077#34412077,You may only reroll dice when gaining food from the birdfeeder and not when gaining food from the supply.,https://www.boardgamegeek.com/thread/2208584/article/32288825#32288825,,,,,"Whenever you are entitled to gain resources, you may choose to take some but not all of the quantity specified.",https://www.stonemaiergames.com/games/wingspan/rules/#comment-37710,,,,
Splendid Fairywren,Malurus splendens,oceania,Yellow,Food-related,"Lay 1 [egg] on each of your birds with a wingspan less than 30cm, including this one.",,,,1,Wild,5,15,X,X,,2,,,,,,,,,2,,,,,X,X,,,,X,,,X,,,X,,X,X,,,,,X,,,,,X,"Flightless birds count as wild for wingspan requirements, so eggs may be laid on them for each of these bird abilities, even though they are contradictory.<br><br>Eggs are laid after scoring the round-end goal for Round 4.",344,"Whenever you are entitled to gain resources, you may choose to take some but not all of the quantity specified.",https://www.stonemaiergames.com/games/wingspan/rules/#comment-37710,,,,,,,,,,,,,,,,,,,,
Spoon-Billed Sandpiper,Calidris pygmaea,asia,White,,"Draw 2 new bonus cards and keep 1. Other players may discard any 2 resources ([wild], [egg], or [card]) to do the same.",,,X,5,Ground,2,35,,,X,1,1,,,,,,,,2,X,,,,,,,X,,X,,,,,,,,,,,,,X,,,X,X,,,"Any player may discard 2 resources of the same type (e.g., 2 [wild]) or of 2 different types (e.g., 1 [wild] and 1 [egg]) to draw bonus cards. Discarded [wild] are discarded from your personal supply, and discarded [card] are discarded from your hand. <br>Draw 2 bonus cards, pick the one you want to keep and discard the other. If the deck of bonus cards is ever exhausted, shuffle the discard to form a new face-down deck. <br><b>Oceania Expansion:</b> If a player discards [nectar] to pay to draw bonus cards, that nectar is placed on the “spent nectar” spot in their [wetland].",432,"<i>""Discarding""</i> food while resolving a bird power counts as <i>""spending""</i>.",https://www.discord.com/channels/608588053052653580/693358238439047229/778341560205967380,"Whenever you are entitled to gain resources, you may choose to take some but not all of the quantity specified.",https://www.stonemaiergames.com/games/wingspan/rules/#comment-37710,,,,,,,,,,,,,,,,,,
Spotless Crake,Zapornia tabuensis,oceania,Yellow,Hunting and Fishing,"Lay 1 [egg] on each bird in your [wetland], including this one.",,,,1,Ground,3,28,,,X,1,1,,,,,,X,,1,,,,,X,,,X,,X,,,,,,,,X,,,,,X,,,,,,X,Eggs are laid after scoring the round-end goal for Round 4.,345,"Whenever you are entitled to gain resources, you may choose to take some but not all of the quantity specified.",https://www.stonemaiergames.com/games/wingspan/rules/#comment-37710,,,,,,,,,,,,,,,,,,,,
Spotted Dove,Streptopelia chinensis,asia,Brown,,"If this bird has no birds to the right of it, you may move it (only the card) to the player mat of the player on your right (you choose its habitat). If you do, draw 3 [card].",,,,0,Platform,3,45,X,X,X,,1,,,,,,,,1,,,,,X,X,,X,,,,,,,,,,,X,,,,,,,,,,X,"When moving this bird to another player’s mat, place it in the leftmost open slot in any habitat. If there are no open slots in a habitat, this bird cannot be moved to that habitat. Any cached food, eggs, or tucked cards are discarded when you move it. This bird cannot be declined by the receiving player.",433,"Whenever you are entitled to gain resources, you may choose to take some but not all of the quantity specified.",https://www.stonemaiergames.com/games/wingspan/rules/#comment-37710,,,,,,,,,,,,,,,,,,,,
Spotted Owl,Strix occidentalis,originalcore,White,Other,Draw 2 new bonus cards and keep 1.,,,X,5,Cavity,1,102,X,,,,,,,2,,,,,2,,,,,,,,,,,,,,X,X,X,,,,,X,,,,,X,X,,,"Draw two goal cards, pick the one you want to keep, and discard the other. If the deck of goal cards is ever exhausted, shuffle the discards to form a new face-down deck. <br>The birds with this power are all threatened or endangered, or conservationists are concerned that they soon will be because of a declining trend in their population.",226,"Whenever you are entitled to gain resources, you may choose to take some but not all of the quantity specified.",https://www.stonemaiergames.com/games/wingspan/rules/#comment-37710,,,,,,,,,,,,,,,,,,,,
Spotted Sandpiper,Actitis macularius,originalcore,Brown,Card-drawing,All players draw 1 [card] from the deck.,,,,5,Ground,2,38,,,X,1,,,,,,,,,1,,,,,,,,,,X,,,X,,,,,,,,,,X,,,X,,,X,"Draw clockwise, starting with the current player.",227,"Whenever you are entitled to gain resources, you may choose to take some but not all of the quantity specified.",https://www.stonemaiergames.com/games/wingspan/rules/#comment-37710,,,"This bird is worth 5 points, not 4. (This misprint was corrected in the third printing, and a corrected card is available in the update pack.)",https://www.stonemaiergames.com/games/wingspan/rules/,,,,,,,,,,,,,,,,
Spotted Towhee,Pipilo maculatus,originalcore,Brown,Food from Supply,Gain 1 [seed] from the supply.,,,,0,Ground,4,28,X,X,,1,1,,1,,,,X,,1,,,,,X,X,,X,,X,,,,,,,,X,,,,X,,,,,,,X,,228,You may only reroll dice when gaining food from the birdfeeder and not when gaining food from the supply.,https://www.boardgamegeek.com/thread/2208584/article/32288825#32288825,"Whenever you are entitled to gain resources, you may choose to take some but not all of the quantity specified.",https://www.stonemaiergames.com/games/wingspan/rules/#comment-37710,,,,,,,,,,,,,,,,,,
Sprague's Pipit,Anthus spragueii,originalcore,White,Other,Draw 2 new bonus cards and keep 1.,,,X,3,Ground,3,25,,X,,1,1,,,,,,,,2,,,X,,X,,,X,,X,,,,,,,,X,,X,,,,,,,X,X,,"Draw two goal cards, pick the one you want to keep, and discard the other. If the deck of goal cards is ever exhausted, shuffle the discards to form a new face-down deck. <br>The birds with this power are all threatened or endangered, or conservationists are concerned that they soon will be because of a declining trend in their population.",229,"Whenever you are entitled to gain resources, you may choose to take some but not all of the quantity specified.",https://www.stonemaiergames.com/games/wingspan/rules/#comment-37710,,,,,,,,,,,,,,,,,,,,
Squacco Heron,Ardeola ralloides,european,Brown,Card-drawing,Gain 1 face-up [card] that can live in [wetland].,,,,3,Platform,2,86,,,X,1,,1,,,,,,,2,,,,,X,,,,,,,X,,,X,,,,X,,,,X,,,X,,X,,"If no with [card] that habitat is available, do not gain anything.",230,"Whenever you are entitled to gain resources, you may choose to take some but not all of the quantity specified.",https://www.stonemaiergames.com/games/wingspan/rules/#comment-37710,,,,,,,,,,,,,,,,,,,,
Sri Lanka Blue-Magpie,Urocissa ornata,asia,Teal,,You may cache 1 [wild] from your supply on each of your other birds.,,,,9,Bowl,2,74,X,,,1,,,1,1,,,,,3,,X,,X,,,,,X,,,,,X,X,,,,,,X,X,,X,,X,,X,,"For these powers, the birds that you cache food on do not need to have a caching power themselves. <br><br>The number of caches allowed by the card (such as “each bird in this row”) is a maximum: you may cache less than this amount.",434,,,,,,,,,,,,,,,,,,,,,,
Sri Lanka Frogmouth,Batrachostomus moniliger,asia,Brown,,"Roll any 1 [die]. If you roll a [invertebrate], cache 1 [invertebrate] from the supply on this bird. All players may discard 1 [card] from their hand to gain 1 [invertebrate] from the supply.",X,,,4,Bowl,1,36,X,,,1,,,,,,,,,1,,X,,,,,,,,,X,,X,X,,,,,,,,,,X,X,X,,,,Rolling the ([invertebrate]/[seed]) face counts as rolling a [invertebrate]. <br>The second half of these powers is independent of the first: All players may discard a to gain a food whether or not the die roll was successful. You are always included in “all players.”,435,"<i>""Discarding""</i> food while resolving a bird power counts as <i>""spending""</i>.",https://www.discord.com/channels/608588053052653580/693358238439047229/778341560205967380,You may only reroll dice when gaining food from the birdfeeder and not when gaining food from the supply.,https://www.boardgamegeek.com/thread/2208584/article/32288825#32288825,,,"Whenever you are entitled to gain resources, you may choose to take some but not all of the quantity specified.",https://www.stonemaiergames.com/games/wingspan/rules/#comment-37710,,,,,,,,,,,,,,
Steller's Jay,Cyanocitta stelleri,originalcore,Brown,Caching Food,Gain 1 [seed] from the birdfeeder (if available). You may cache it on this card.,,,,5,Bowl,2,48,X,,,,2,,,,,1,,,3,,,X,,,,,X,X,,,,,X,,,X,,,,,,,X,,X,,X,,"The birds with these powers are known for caching extra food and saving it for later. As noted on these cards, you can cache exactly 1 food token when their power is activated by placing it on a bird card. Once a food token is cached on a bird card, you cannot spend it. Each token on the card at the end of the game is worth 1 point. If the same dice are showing in the birdfeeder, you may reroll to see if you meet the condition of the bird. If you run out of food tokens, you can cache cards instead.",231,Regular reroll rules apply whenever you have the opportunity to gain food from the birdfeeder.,https://www.stonemaiergames.com/games/wingspan/rules/,"Whenever you are entitled to gain resources, you may choose to take some but not all of the quantity specified.",https://www.stonemaiergames.com/games/wingspan/rules/#comment-37710,,,,,,,,,,,,,,,,,,
Stork-Billed Kingfisher,Pelargopsis capensis,asia,Brown,,"Choose any 1 [die]. Roll it once for each of your [wetland] birds. If you roll at least 1 [fish], gain 1 from the supply. You may cache it on this bird.",X,,,6,Cavity,2,56,,,X,,,2,,,,,,,2,X,,,,,,,,,,X,X,,,,X,,,,,,,X,,,X,,,X,"If you roll more than 1 [fish], gain only 1.",436,You may only reroll dice when gaining food from the birdfeeder and not when gaining food from the supply.,https://www.boardgamegeek.com/thread/2208584/article/32288825#32288825,"Whenever you are entitled to gain resources, you may choose to take some but not all of the quantity specified.",https://www.stonemaiergames.com/games/wingspan/rules/#comment-37710,,,,,,,,,,,,,,,,,,
Stubble Quail,Coturnix pectoralis,oceania,White,,Discard up to 6 [wild]. Lay 1 [egg] on this bird for each discarded food.,,,,4,Ground,6,29,,X,,1,1,,,,,,X,,1,,,,,,,,X,,X,,,,,,,,X,,X,,,,,,,,,X,,346,"<i>""Discarding""</i> food while resolving a bird power counts as <i>""spending""</i>.",https://www.discord.com/channels/608588053052653580/693358238439047229/778341560205967380,"Whenever you are entitled to gain resources, you may choose to take some but not all of the quantity specified.",https://www.stonemaiergames.com/games/wingspan/rules/#comment-37710,,,,,,,,,,,,,,,,,,
Sulphur-Crested Cockatoo,Cacatua galerita,oceania,Brown,Card-drawing,"Tuck 1 [card] from your hand behind this bird. If you do, all players gain 1 [nectar] from the supply.",,X,,6,Cavity,2,103,X,,,,1,,1,,,,,,2,X,,,X,,,X,X,,,,,,X,X,X,,,,,,X,,,,X,,X,,,347,You may only reroll dice when gaining food from the birdfeeder and not when gaining food from the supply.,https://www.boardgamegeek.com/thread/2208584/article/32288825#32288825,"Whenever you are entitled to gain resources, you may choose to take some but not all of the quantity specified.",https://www.stonemaiergames.com/games/wingspan/rules/#comment-37710,,,,,,,,,,,,,,,,,,
Superb Lyrebird,Menura novaehollandiae,oceania,Brown,Food-related,Copy a brown power on one bird in the [forest] of the player to your right.,,,,5,Wild,1,73,X,,,2,,,,,,1,,,3,,,,,,,,,X,X,,,,X,X,X,X,,X,,,,,X,,X,,,X,The copied power must be a brown “when activated” power.,348,,,,,"If you use this bird's power to copy the power of a bird that lets it move to another habitat---and this bird satisfies applicable conditions (e.g., being the rightmost bird in its habitat)---this bird may move to that habitat, even one in which it cannot be played.",https://www.facebook.com/groups/wingspanboardgame/permalink/677258919644380/?comment_id=677284199641852&reply_comment_id=677287326308206,,,,,,,"This bird counts towards <strong applink=""/card/1016"">Forester</strong> bonus card even though it can potentially fly elsewhere.",https://www.facebook.com/groups/wingspanboardgame/permalink/708244956545776/?comment_id=708275409876064,"When a bird (e.g., the <strong applink=""/card/131"">Gray Catbird</strong>) repeats this bird's power, it repeats the copying power printed on this bird and not any powers this bird repeated earlier in the turn. Since being a predator power is a property of a power, this bird copying a predator power and the power succeeding counts as success of a predator power (e.g., for purposes of enabling the activation of a pink power on another player's mat, like that of the <strong applink=""/card/32"">Black Vulture</strong>).",https://www.facebook.com/groups/wingspanboardgame/permalink/714240602612878/?comment_id=714367625933509&reply_comment_id=715341599169445,,,,,"When this bird copies another bird's power, it retains any effects specified in the copied bird's power text as long as those effects may occur but not beyond the end of the turn. (So, e.g., if it copies the <strong applink=""/card/76"">Coal Tit</strong>'s power, it retains the ability to spend [seed] cached on this bird until the end of the turn but no longer, and if copies the <strong applink=""/card/255"">Wood Duck</strong>'s power, the copied power still obligates you to discard a card at the end of your turn.)",https://www.facebook.com/groups/wingspanboardgame/permalink/714240602612878/?comment_id=714367625933509
Swainson's Hawk,Buteo swainsoni,originalcore,Brown,Hunting/Fishing,"Look at a [card] from the deck. If <75cm, tuck it behind this bird. If not, discard it.",X,,,5,Platform,2,130,,X,,1,,,,1,,,,,2,,,X,,,,,,,,X,,,,X,,,,X,X,X,,,,,X,,,X,"These birds eat other birds. Look at the wingspan of the top card of the deck and compare it to their hunting power. <br>If the wingspan of the top card in the deck is less than the bird’s hunting power, tuck that card to signify that your predator hunted successfully. Each tucked card is worth 1 point at the end of the game. <br>If the wingspan of the top card is equal to or larger than your predator’s power, discard the card instead.",232,,,,,,,,,,,,,,,,,,,,,,
Tawny Frogmouth,Podargus strigoides,oceania,Brown,Flocking,Reset the birdfeeder. Cache 1 [invertebrate] or [rodent] from the birdfeeder (if available) on this bird.,X,,,5,Platform,2,82,X,X,X,2,,,,1,,,,,3,X,,,X,,X,,,X,,X,,,,X,,,,X,,X,,,,X,X,,,X,"You gain a total of 1 food. Remove the die from the birdfeeder when you gain the food, as you would normally.",349,,,,,,,,,,,,,,,,,,,,,,
Thekla's Lark,Galerida theklae,european,Brown,Egg-laying,"Discard 1 [seed] from your supply. If you do, lay 2 [egg] on this bird.",,,,4,Ground,3,34,,X,,2,1,,,,,,,,3,,,X,,,,,X,X,X,,,,,,,,,,X,,,,,,,,,X,,233,"<i>""Discarding""</i> food while resolving a bird power counts as <i>""spending""</i>.",https://www.discord.com/channels/608588053052653580/693358238439047229/778341560205967380,"Whenever you are entitled to gain resources, you may choose to take some but not all of the quantity specified.",https://www.stonemaiergames.com/games/wingspan/rules/#comment-37710,,,,,,,,,,,,,,,,,,
Tree Swallow,Tachycineta bicolor,originalcore,Brown,Flocking,"Tuck a [card] from your hand behind this bird. If you do, draw 1 [card].",,X,,3,Cavity,4,38,,,X,1,,,1,,,,,,2,,,,,X,,X,,,,,,,,,X,,,,,,X,X,,,,,X,,"These birds all allow you to tuck a card from your hand for a point, then gain some additional benefit (lay an egg, draw a card, or gain a food). You can only gain the benefit if you first tuck a card from your hand.",234,"Whenever you are entitled to gain resources, you may choose to take some but not all of the quantity specified.",https://www.stonemaiergames.com/games/wingspan/rules/#comment-37710,,,,,,,,,,,,,,,,,,,,
Trumpeter Finch,Bucanetes gitragineus,asia,White,,Play 1 additional bird in your [grassland]. You may ignore 1 [seed] or 1 [egg] in its cost.,,,,3,Ground,4,24,,X,,,2,,,,,,,,2,,,,,X,,,X,,X,,,,,,,,X,,X,,,,,,,,,X,You may ignore 1 [wild] requirement in the additional bird’s food cost in place of ignoring 1 [seed] in it.,437,,,,,,,,,,,,,,,,,,,,,,
Trumpeter Swan,Cygnus buccinator,originalcore,,,,,,,9,Ground,2,203,,,X,,2,,,,,1,,,3,,,,,,,,X,X,X,,,,,X,,X,,,,,,X,,,X,,,X,,235,,,,,,,,,,,,,,,,,,,,,,
Tufted Titmouse,Baeolophus bicolor,originalcore,White,Other,Play a second bird in your [forest]. Pay its normal cost.,,,,2,Cavity,3,25,X,,,1,1,,1,,,,X,,1,,,,,X,,,X,,,,,,X,,X,,X,,,,X,,,,,,X,,"Play another bird into the same habitat. You must follow all other rules about how to play birds: it must be a bird that can live in that habitat, and you must discard the food and egg cost for that bird. <br>The birds with this power all are known for spending time in mixed flocks with multiple bird species. Research has shown this can have benefits such as help finding food and being alerted about predators.",236,"You may substitute 2 [wild] for any 1 food in a bird's food cost whenever you play a bird, including outside the scope of the <i>""play a bird""</i> action.",https://www.facebook.com/groups/wingspanboardgame/?post_id=592455651458041&comment_id=592685648101708&reply_comment_id=592771751426431,,,"If you use this bird's power to play another bird with a <i>""play a second bird""</i> power, you may then use the latter bird's power to play yet another bird.",https://www.stonemaiergames.com/games/wingspan/rules/#comment-31474,,,,,,,,,,,,,,,,
Turkey Vulture,Cathartes aura,originalcore,Pink,Food from Birdfeeder,"When another player's predator succeeds, gain 1 [die] from the birdfeeder.",,,,1,Cavity,1,170,X,X,X,,,,,,,,,,0,,,,,X,X,,,,,,,,,X,X,,,,,,,,,,X,,,X,"If multiple players trigger this power at the same time, they gain food in turn order, starting to the left of the active player (the one whose predator succeeded).",237,You may use a pink power during another player's turn after your last turn of the game.,https://www.boardgamegeek.com/thread/2145421/article/31177235#31177235,"You may activate each <i>""once between turns""</i> power on a bird on your player mat once between each of your turns.",https://www.facebook.com/groups/wingspanboardgame/permalink/312352352801707/?comment_id=312354036134872&reply_comment_id=312437246126551,,,You may not use a pink power during your turn (when an opponent performs an action that would otherwise enable using such a power).,https://www.facebook.com/groups/wingspanboardgame/permalink/499161054120835/?comment_id=499167897453484,"If a pink power is triggered by a player using the <i>""gain food""</i>, <i>""lay eggs""</i>, or <i>""draw bird cards""</i> action, the pink power is resolved after the player collects the resources indicated on the player mat but before any brown powers in the corresponding row are activated. If a pink power is triggered by another bird's power, the pink power is resolved after the other bird's power has been resolved.",https://www.boardgamegeek.com/thread/2397920/article/34412077#34412077,Regular reroll rules apply whenever you have the opportunity to gain food from the birdfeeder.,https://www.stonemaiergames.com/games/wingspan/rules/,,,,,"Whenever you are entitled to gain resources, you may choose to take some but not all of the quantity specified.",https://www.stonemaiergames.com/games/wingspan/rules/#comment-37710,,,,
Twite,Linaria flavirostris,asia,Teal,,"Draw 2 [card] from the deck and add them to your hand. Then, tuck any 2 [card] from your hand behind this bird.",,X,,2,Bowl,4,23,,X,,,2,,,,,,,,2,,,,,X,,X,X,,,,,,,,,,X,,X,,,,X,,,,X,,"When you use this bird’s power, tucking is part of the action’s cost and such is mandatory. <br>You may tuck cards that you did not draw during the activation of this power.",438,"Whenever you are entitled to gain resources, you may choose to take some but not all of the quantity specified.",https://www.stonemaiergames.com/games/wingspan/rules/#comment-37710,,,,,,,,,,,,,,,,,,,,
Tūī,Prosthemadera novaeseelandiae,oceania,Brown,Food-related,Copy a brown power on one bird in the [forest] of the player to your left.,,,,5,Bowl,2,42,X,,,1,,,,,2,,,,3,,,,,,,,,X,,,,X,X,,,,,,,,,,X,,X,,X,,The copied power must be a brown “when activated” power.,350,,,,,"If you use this bird's power to copy the power of a bird that lets it move to another habitat---and this bird satisfies applicable conditions (e.g., being the rightmost bird in its habitat)---this bird may move to that habitat, even one in which it cannot be played.",https://www.facebook.com/groups/wingspanboardgame/permalink/677258919644380/?comment_id=677284199641852&reply_comment_id=677287326308206,,,,,,,"This bird counts towards <strong applink=""/card/1016"">Forester</strong> bonus card even though it can potentially fly elsewhere.",https://www.facebook.com/groups/wingspanboardgame/permalink/708244956545776/?comment_id=708275409876064,"When a bird (e.g., the <strong applink=""/card/131"">Gray Catbird</strong>) repeats this bird's power, it repeats the copying power printed on this bird and not any powers this bird repeated earlier in the turn. Since being a predator power is a property of a power, this bird copying a predator power and the power succeeding counts as success of a predator power (e.g., for purposes of enabling the activation of a pink power on another player's mat, like that of the <strong applink=""/card/32"">Black Vulture</strong>).",https://www.facebook.com/groups/wingspanboardgame/permalink/714240602612878/?comment_id=714367625933509&reply_comment_id=715341599169445,,,,,"When this bird copies another bird's power, it retains any effects specified in the copied bird's power text as long as those effects may occur but not beyond the end of the turn. (So, e.g., if it copies the <strong applink=""/card/76"">Coal Tit</strong>'s power, it retains the ability to spend [seed] cached on this bird until the end of the turn but no longer, and if copies the <strong applink=""/card/255"">Wood Duck</strong>'s power, the copied power still obligates you to discard a card at the end of your turn.)",https://www.facebook.com/groups/wingspanboardgame/permalink/714240602612878/?comment_id=714367625933509
Vaux's Swift,Chaetura vauxi,swiftstart,Brown,,"Tuck a [card] from your hand behind this bird. If you do, gain 1 [invertebrate] from the supply.",,X,,2,Cavity,3,31,X,,,1,,,,,,,,,1,,,X,,X,,X,,,,,,X,X,,X,,,,,,,,,X,,,,X,,238,You may only reroll dice when gaining food from the birdfeeder and not when gaining food from the supply.,https://www.boardgamegeek.com/thread/2208584/article/32288825#32288825,"Whenever you are entitled to gain resources, you may choose to take some but not all of the quantity specified.",https://www.stonemaiergames.com/games/wingspan/rules/#comment-37710,,,,,,,,,,,,,,,,,,
Verditer Flycatcher,Eumyias thalassinus,asia,Brown,,"If you have gained a [invertebrate] from the birdfeeder on this turn, gain 1 [fruit] from the supply.",,,,5,Cavity,2,26,X,,,1,,,1,,,,,,2,,,,X,,,,,,,,,,X,,X,,X,,,,X,,,,X,,,X,"You may apply this power to [invertebrate] gained before or after activating the Verditer flycatcher. However, you may use the power only once per turn—you gain just 1 [fruit] no matter how many you gained.",439,Regular reroll rules apply whenever you have the opportunity to gain food from the birdfeeder.,https://www.stonemaiergames.com/games/wingspan/rules/,You may only reroll dice when gaining food from the birdfeeder and not when gaining food from the supply.,https://www.boardgamegeek.com/thread/2208584/article/32288825#32288825,,,"Whenever you are entitled to gain resources, you may choose to take some but not all of the quantity specified.",https://www.stonemaiergames.com/games/wingspan/rules/#comment-37710,,,,,,,,,,,,,,
Violet Cuckoo,Chrysococcyx xanthorhynchus,asia,Pink,,"When another player takes the ""lay eggs"" action, lay 1 [egg] on another bird with wingspan less than 30 cm. You may go 2 over its egg limit while using this power.",,,,5,None,0,27,X,,,1,,,1,,,,,,2,,,,X,,,,,,,,,,X,,,,X,,,,X,,,,X,,X,,"Going over the egg limit: When you activate this bird, you may use it to lay an egg on a bird that already is at or over its egg limit, as described. This power does not affect any other actions in the game—the egg limit still applies to them. A bird holding eggs in excess of its egg limit still qualifies for the Avian Theriogenologist bonus card. Birds that have no nest symbol and no egg limit still do not qualify to receive eggs from this bird.",440,You may use a pink power during another player's turn after your last turn of the game.,https://www.boardgamegeek.com/thread/2145421/article/31177235#31177235,"You may activate each <i>""once between turns""</i> power on a bird on your player mat once between each of your turns.",https://www.facebook.com/groups/wingspanboardgame/permalink/312352352801707/?comment_id=312354036134872&reply_comment_id=312437246126551,,,You may not use a pink power during your turn (when an opponent performs an action that would otherwise enable using such a power).,https://www.facebook.com/groups/wingspanboardgame/permalink/499161054120835/?comment_id=499167897453484,"If a pink power is triggered by a player using the <i>""gain food""</i>, <i>""lay eggs""</i>, or <i>""draw bird cards""</i> action, the pink power is resolved after the player collects the resources indicated on the player mat but before any brown powers in the corresponding row are activated. If a pink power is triggered by another bird's power, the pink power is resolved after the other bird's power has been resolved.",https://www.boardgamegeek.com/thread/2397920/article/34412077#34412077,"Whenever you are entitled to gain resources, you may choose to take some but not all of the quantity specified.",https://www.stonemaiergames.com/games/wingspan/rules/#comment-37710,,,,,,,,,,
Violet-Green Swallow,Tachycineta thalassina,originalcore,Brown,Flocking,"Tuck a [card] from your hand behind this bird. If you do, draw 1 [card].",,X,,3,Cavity,3,36,X,X,X,2,,,,,,,,,2,,,,X,X,X,X,,,,,,X,,,X,,,,,,,,,,,,,X,"These birds all allow you to tuck a card from your hand for a point, then gain some additional benefit (lay an egg, draw a card, or gain a food). You can only gain the benefit if you first tuck a card from your hand.",239,"Whenever you are entitled to gain resources, you may choose to take some but not all of the quantity specified.",https://www.stonemaiergames.com/games/wingspan/rules/#comment-37710,,,,,,,,,,,,,,,,,,,,
Wedge-Tailed Eagle,Aquila audax,oceania,Brown,Food-related,"Look at a [card] from the deck. If its wingspan is over 65cm, tuck it behind this bird and cache 1 [rodent] from the supply on this bird. If not, discard it.",X,,,7,Platform,2,207,X,X,X,,,,,3,,,,,3,X,,,,,X,,,X,,X,,,,X,,,,X,,X,,,,,X,,X,,"Note that the wedge-tailed eagle is looking for birds OVER 65 cm, unlike most predators.",351,,,,,,,,,,,,,,,,,,,,,,
Welcome Swallow,Hirundo neoxena,oceania,White,,"Tuck 1 [card] from the deck behind each bird in this habitat, including this bird.",,X,,1,Wild,5,28,,X,X,2,,,,,,,,,2,,,,,X,X,X,,,X,,,X,,,X,,X,X,,,,,X,,,,,X,,352,,,,,,,,,,,,,,,,,,,,,,
Western Meadowlark,Sturnella neglecta,originalcore,Brown,Egg-laying,All players lay 1 [egg] on any 1 [ground] bird. You may lay 1 [egg] on 1 additional [ground] bird.,,,,2,Ground,4,38,,X,,1,1,,,,,,,,2,,X,,,X,,,X,,X,,,,,,,,,,X,,,,,,,,,X,"This power allows you to lay an egg on 1 or 2 birds with a specific nest symbol (or a star). All other players can lay an egg on 1 bird with that nest symbol (or a star), if they have one.",240,"Whenever you are entitled to gain resources, you may choose to take some but not all of the quantity specified.",https://www.stonemaiergames.com/games/wingspan/rules/#comment-37710,,,"If you use this bird's power to lay 2 [egg], they must be laid on different [ground]/[star] birds.",https://www.facebook.com/groups/wingspanboardgame/permalink/322004815169794/?comment_id=322006528502956,,,,,,,,,,,,,,,,
Western Tanager,Piranga ludoviciana,originalcore,Brown,Food from Birdfeeder,"Gain 1 [invertebrate] or [fruit] from the birdfeeder, if there is one.",,,,6,Bowl,2,30,X,,,2,,,1,,,,,,3,,X,,,,,,,X,,,,,X,,,,X,,,,X,,X,,X,,,X,,241,Regular reroll rules apply whenever you have the opportunity to gain food from the birdfeeder.,https://www.stonemaiergames.com/games/wingspan/rules/,"Whenever you are entitled to gain resources, you may choose to take some but not all of the quantity specified.",https://www.stonemaiergames.com/games/wingspan/rules/#comment-37710,"When using this bird's power, if all [die] in the birdfeeder show the same face you may reroll before taking food.",https://www.stonemaiergames.com/games/wingspan/rules/#comment-30543,,,,,,,,,,,,,,,,
White Stork,Ciconia ciconia,european,Brown,Card-drawing,"Discard all remaining face-up [card] and refill the tray. If you do, draw 1 of the new face-up [card].",,,,8,Platform,2,160,,X,X,1,,1,,,,1,,,3,,,,X,,X,,,X,,,X,,,X,,X,,X,,,,,,,X,,,X,,242,"Whenever you are entitled to gain resources, you may choose to take some but not all of the quantity specified.",https://www.stonemaiergames.com/games/wingspan/rules/#comment-37710,,,,,,,,,,,,,,,,,,,,
White Wagtail,Motacilla alba,european,Teal,Other,"If you used all 4 types of actions this round, play another bird. Pay its normal food and egg cost.",,,,2,Bowl,5,28,,X,X,2,,,,,,,,,2,X,,,X,X,X,,,,,,,X,,,,,X,,,,,,X,,,,X,,"If the additional bird has a “when played” power, it is triggered when the bird is played. If the extra bird has a “round end” power, it is triggered when the bird is played.",243,"You may substitute 2 [wild] for any 1 food in a bird's food cost whenever you play a bird, including outside the scope of the <i>""play a bird""</i> action.",https://www.facebook.com/groups/wingspanboardgame/?post_id=592455651458041&comment_id=592685648101708&reply_comment_id=592771751426431,,,"If you use this bird's power to play another bird with a teal power, you may resolve that power at any point among your other remaining teal powers.",https://www.boardgamegeek.com/thread/2324875/article/33515239#33515239,,,,,,,,,,,,,,,,
White-Backed Woodpecker,Dendrocopos leucotos,european,Brown,Food-related,Gain 1 [die] from the birdfeeder.,,,,2,Cavity,2,39,X,,,1,,,1,,,,X,,1,X,,,X,X,,,,,,,,,X,,X,,,,,,X,,,,X,,X,,"If there is only one face showing in the birdfeeder, you may reset it before gaining the [die].",244,Regular reroll rules apply whenever you have the opportunity to gain food from the birdfeeder.,https://www.stonemaiergames.com/games/wingspan/rules/,"Whenever you are entitled to gain resources, you may choose to take some but not all of the quantity specified.",https://www.stonemaiergames.com/games/wingspan/rules/#comment-37710,,,,,,,,,,,,,,,,,,
White-Bellied Sea-Eagle,Haliaeetus leucogaster,oceania,Brown,Card-drawing,"Reset the birdfeeder. Gain 1 [fish] or 1 [rodent] from the birdfeeder, if there is one, and cache it on this bird.",X,,,7,Platform,2,200,X,,X,,,1,,2,,,,,3,X,X,,X,,X,,,X,,X,X,,,X,,,,X,,X,,,,,X,,,X,"You gain a total of 1 food. Remove the die from the birdfeeder when you gain the food, as you would normally.",353,Regular reroll rules apply whenever you have the opportunity to gain food from the birdfeeder.,https://www.stonemaiergames.com/games/wingspan/rules/,"Whenever you are entitled to gain resources, you may choose to take some but not all of the quantity specified.",https://www.stonemaiergames.com/games/wingspan/rules/#comment-37710,,,,,,,,,,,,,,,,,,
White-Breasted Nuthatch,Sitta carolinensis,originalcore,Brown,Caching Food,Gain 1 [seed] from the supply and cache it on this card.,,,,2,Cavity,3,28,X,,,1,1,,,,,,X,,1,X,,,X,X,,,X,,,,,,X,,X,,X,,,,,,,,,,,X,"The birds with these powers are known for caching extra food and saving it for later. As noted on these cards, you can cache exactly 1 food token when their power is activated by placing it on a bird card. Once a food token is cached on a bird card, you cannot spend it. Each token on the card at the end of the game is worth 1 point. If the same dice are showing in the birdfeeder, you may reroll to see if you meet the condition of the bird. If you run out of food tokens, you can cache cards instead.",245,You may only reroll dice when gaining food from the birdfeeder and not when gaining food from the supply.,https://www.boardgamegeek.com/thread/2208584/article/32288825#32288825,"Whenever you are entitled to gain resources, you may choose to take some but not all of the quantity specified.",https://www.stonemaiergames.com/games/wingspan/rules/#comment-37710,,,,,,,,,,,,,,,,,,
White-Breasted Woodswallow,Artamus leucoryn,oceania,White,,"Lay 1 [egg] on each bird in your [grassland], including this one.",,,,3,Bowl,2,32,,X,,2,,,,,,,,,2,X,,,X,X,,,,,,,,X,,,,,,,X,,,,X,,X,,X,,,354,"Whenever you are entitled to gain resources, you may choose to take some but not all of the quantity specified.",https://www.stonemaiergames.com/games/wingspan/rules/#comment-37710,,,,,,,,,,,,,,,,,,,,
White-Browed Tit-Warbler,Leptopoecile saphiae,asia,Brown,,"For each bird in your [forest] with an egg on it, roll any 1 [die]. Choose 1 type of food you rolled and gain 1 of that food from the supply.",,,,2,Wild,3,12,X,,,1,1,,,,,,,,2,X,,,X,X,,,X,,X,,,,X,,X,,X,X,,,,,X,,,,,X,"Regardless of the number of dice rolled, gain only 1 food.",441,You may only reroll dice when gaining food from the birdfeeder and not when gaining food from the supply.,https://www.boardgamegeek.com/thread/2208584/article/32288825#32288825,"Whenever you are entitled to gain resources, you may choose to take some but not all of the quantity specified.",https://www.stonemaiergames.com/games/wingspan/rules/#comment-37710,,,,,,,,,,,,,,,,,,
White-Crested Laughingthrush,Garrulax leucolophus,asia,Brown,,"Tuck 1 [card] from your hand behind this bird. If you do, gain 1 [invertebrate], [seed], or [fruit] from the birdfeeder.",,X,,6,Bowl,4,35,X,,,1,1,,1,,,,,,3,X,,,X,,,X,X,X,,,,,X,,,,,,,,X,,X,,,,X,,"If all dice in the birdfeeder show the same face, you may reset it before gaining the [specified food type]. If the birdfeeder contains none of the [specified food type], you gain nothing.",442,Regular reroll rules apply whenever you have the opportunity to gain food from the birdfeeder.,https://www.stonemaiergames.com/games/wingspan/rules/,"Whenever you are entitled to gain resources, you may choose to take some but not all of the quantity specified.",https://www.stonemaiergames.com/games/wingspan/rules/#comment-37710,,,,,,,,,,,,,,,,,,
White-Crowned Sparrow,Zonotrichia leucophrys,originalcore,Brown,Other,"If this bird is to the right of all other birds in its habitat, move it to another habitat.",,,,2,Ground,5,25,X,X,X,1,1,,,,,,,,2,X,,,X,X,X,,X,,X,,,,,,,,X,,,,,,,,,,,X,"These birds are all able to live in a variety of habitats, and their power is to move from habitat to habitat—but only if they’re the last bird in that row. (They can be in any column.) This can be powerful for increasing your abilities in multiple habitats, and for scoring on end-of-round goals. Be careful not to play another bird to the right of one of these cards, or you won’t be able to use its power!",246,,,,,"When using this bird's power to move this bird to another habitat, the action cube does not change habitats with it.",https://www.stonemaiergames.com/games/wingspan/rules/,,,,,,,,,,,,,,,,
White-Faced Heron,Egretta novaehollandiae,oceania,Brown,Tucking,"Reset the birdfeeder and gain all [fish], if there are any. You may cache any or all of them on this bird.",X,,,6,Platform,4,106,,,X,1,,1,,1,,,,,3,X,,,X,,,,,X,,X,X,,,X,,,,X,,X,,X,,,,,,X,"Remove the dice from the birdfeeder when you gain the food, as you would normally. You may cache the fish on your bird or add them to your food supply.",355,"Whenever you are entitled to gain resources, you may choose to take some but not all of the quantity specified.",https://www.stonemaiergames.com/games/wingspan/rules/#comment-37710,,,,,,,,,,,,,,,,,,,,
White-Faced Ibis,Plegadis chihi,originalcore,Brown,Hunting/Fishing,"Roll all dice not in birdfeeder. If any are [fish], gain 1 [fish] and cache it on this card.",X,,,8,Platform,2,91,,,X,2,,1,,,,,,,3,X,,,X,,,,,X,,X,X,,,X,,,,X,,,,X,,,X,,X,,"Birds that eat rodents or fish roll all dice that are not in the birdfeeder. (Note that you will never roll more than 4 dice, because when all 5 dice are out of the birdfeeder it must reset immediately.) Roll dice on the table; they do not go back into the birdfeeder. If one or more dice show the specified type, take at most 1 token of that type from the supply and cache it on your card (see “Caching food”). Each token on a bird card is worth 1 point at the end of the game.",247,"Whenever you are entitled to gain resources, you may choose to take some but not all of the quantity specified.",https://www.stonemaiergames.com/games/wingspan/rules/#comment-37710,,,,,,,,,,,,,,,,,,,,
White-Headed Duck,Oxyura leucocephala,asia,White,,Draw 3 new bonus cards and keep 1.,,,X,4,Ground,3,66,,,X,,1,,,,,1,,,2,X,,,X,,,,X,,X,,,,,X,,X,,,,,,X,,,,X,X,,"Draw 3 bonus cards, pick the one you want to keep, and discard the others. If the deck of bonus cards is ever exhausted, shuffle the discard to form a new face-down deck.",443,"Whenever you are entitled to gain resources, you may choose to take some but not all of the quantity specified.",https://www.stonemaiergames.com/games/wingspan/rules/#comment-37710,,,,,,,,,,,,,,,,,,,,
White-Throated Dipper,Cinclus cinclus,european,Brown,Card-drawing,"Discard all remaining face-up [card] and refill the tray. If you do, draw 1 of the new face-up [card].",,,,3,Cavity,4,28,,,X,1,,1,,,,,,,2,X,,,X,X,,,,,,,X,,,,X,,X,,,,,X,,,,,X,,,248,"Whenever you are entitled to gain resources, you may choose to take some but not all of the quantity specified.",https://www.stonemaiergames.com/games/wingspan/rules/#comment-37710,,,,,,,,,,,,,,,,,,,,
White-Throated Kingfisher,Halcyon smyrnensis,asia,Brown,,"Choose any 1 [die]. Roll it up to 3 times. Each time, if you roll a [invertebrate], [fish], or [rodent], cahe 1 here. If not, stop and return all food cached here this turn.",X,,,3,Cavity,3,42,X,X,X,,,1,,,,1,,,2,X,,,X,X,X,,,,,X,X,,,,X,X,,,,,,,,,,,,X,"These are push-your-luck powers: After each roll, you check to see whether you succeeded or failed. Once you fail, this bird’s activation is over. You also may choose to end the bird’s activation at any time to avoid the risk of failing and losing what you have gained. <br>If you failed, you must stop and return all food cached by this bird during the current activation of this power. <br>If you succeeded, cache 1 food on this bird from the supply (do not cache more than one food after each roll). Then, if you have rolled fewer than 3 times during the current activation of this power, decide whether to roll again.",444,,,,,,,,,,,,,,,,,,,,,,
White-Throated Swift,Aeronautes saxatalis,swiftstart,Brown,,"Tuck a [card] from your hand behind this bird. If you do, lay 1 [egg] on any bird.",,X,,2,Cavity,2,38,,X,,1,,,,,,,,,1,X,,,X,X,,X,,,,,,X,,,X,,,,X,,,,,X,X,,X,,,249,"Whenever you are entitled to gain resources, you may choose to take some but not all of the quantity specified.",https://www.stonemaiergames.com/games/wingspan/rules/#comment-37710,,,,,,,,,,,,,,,,,,,,
Whooping Crane,Grus americana,originalcore,White,Other,Draw 2 new bonus cards and keep 1.,,,X,6,Ground,1,221,,,X,,,,,,,3,,,3,,,,,,,,,X,X,,,,,X,,X,,,,,,X,,,X,X,,X,"Draw two goal cards, pick the one you want to keep, and discard the other. If the deck of goal cards is ever exhausted, shuffle the discards to form a new face-down deck. <br>The birds with this power are all threatened or endangered, or conservationists are concerned that they soon will be because of a declining trend in their population.",250,"Whenever you are entitled to gain resources, you may choose to take some but not all of the quantity specified.",https://www.stonemaiergames.com/games/wingspan/rules/#comment-37710,,,,,,,,,,,,,,,,,,,,
Wild Turkey,Meleagris gallopavo,originalcore,,,,,,,8,Ground,5,135,X,X,,,2,,1,,,,,,3,,,,,,X,,X,X,X,,,,,X,,,,,,,X,,,,,,,X,,251,,,,,,,,,,,,,,,,,,,,,,
Willet,Tringa semipalmata,originalcore,Brown,Hunting/Fishing,"Roll all dice not in birdfeeder. If any are [fish], gain 1 [fish] and cache it on this card.",X,,,4,Ground,2,66,,,X,1,,1,,,,,X,,1,,,,,,,,,,X,X,X,,,X,,,,,,,,X,,,X,,,X,"Birds that eat rodents or fish roll all dice that are not in the birdfeeder. (Note that you will never roll more than 4 dice, because when all 5 dice are out of the birdfeeder it must reset immediately.) Roll dice on the table; they do not go back into the birdfeeder. If one or more dice show the specified type, take at most 1 token of that type from the supply and cache it on your card (see “Caching food”). Each token on a bird card is worth 1 point at the end of the game.",252,"Whenever you are entitled to gain resources, you may choose to take some but not all of the quantity specified.",https://www.stonemaiergames.com/games/wingspan/rules/#comment-37710,,,,,,,,,,,,,,,,,,,,
Willie-Wagtail,Rhipidura leucophrys,oceania,Brown,Flocking,Draw 1 face-up [card] from the tray with a [bowl] or [star] nest. You may reset or refill the tray before doing so.,,,,2,Bowl,5,30,X,X,X,1,,,,,,1,,,2,X,,,,X,X,,,,,,,,,,,X,X,,,,,,X,,,,X,,"Before drawing a face-up card with the nest type shown, you may:<ul><li>reset the tray (discard all face-up cards and put out 3 new face-up cards), or</li><li>refill the tray (place new cards from the deck in any empty slots), or</li><li>leave the tray as-is.</li></ul>",356,"Whenever you are entitled to gain resources, you may choose to take some but not all of the quantity specified.",https://www.stonemaiergames.com/games/wingspan/rules/#comment-37710,,,,,,,,,,,,,,,,,,,,
Willow Tit,Poecile mantanus,asia,Brown,,"Cache 1 [invertebrate], [seed], or [fruit] from the birdfeeder on this bird, if there is one.",,,,2,Cavity,3,20,X,,,1,1,,1,,,,X,,1,,,,,X,,,X,,,,,,X,,X,,X,,,,X,,,,,,,X,"If all dice in the birdfeeder show the same face, you may reset it before gaining the [specified food type]. If the birdfeeder contains none of the [specified food type], you gain nothing.",445,,,,,,,,,,,,,,,,,,,,,,
Wilson's Snipe,Gallinago delicata,originalcore,Brown,Card-drawing,All players draw 1 [card] from the deck.,,,,5,Ground,2,41,,,X,1,,,,,,,,,1,,,X,,,,,,,X,,,X,,,,,,,,,,X,,,X,,X,,"Draw clockwise, starting with the current player.",253,"Whenever you are entitled to gain resources, you may choose to take some but not all of the quantity specified.",https://www.stonemaiergames.com/games/wingspan/rules/#comment-37710,,,,,,,,,,,,,,,,,,,,
Wilson's Storm Petrel,Oceanites oceanicus,european,Brown,Card-drawing,"Draw 1 [card] for each empty card slot in this row. At the end of your turn, keep 1 and discard the rest.",,,,6,Wild,1,38,,,X,1,,2,,,,,,,3,,,X,,,,,,X,X,,X,,,,X,,,X,,,,X,X,,X,,,X,"These cards should be kept separate from the other cards you draw and your bird cards in hand. They cannot be spent during this turn. But to keep the game moving, you can sort through them at the end of your turn and let the next player start their turn.",254,"You may perform an action even if it precludes you from performing an action required at the end of your turn (e.g., discarding a [card] from your hand at the end of a turn in which you activated the <strong applink=""/card/31"">Black Tern</strong>'s power).",https://www.facebook.com/groups/wingspanboardgame/permalink/397335327636742/?comment_id=397350010968607,"If you perform more than one action <i>""at the end of your turn""</i>, you may perform those actions in any order.",https://www.facebook.com/groups/wingspanboardgame/permalink/414814145888860/?comment_id=415023839201224&reply_comment_id=415302489173359,,,"Whenever you are entitled to gain resources, you may choose to take some but not all of the quantity specified.",https://www.stonemaiergames.com/games/wingspan/rules/#comment-37710,,,,,,,,,,,,,,
Wood Duck,Aix sponsa,originalcore,Brown,Card-drawing,"Draw 2 [card]. If you do, discard 1 [card] from your hand at the end of your turn.",,,,4,Cavity,4,76,X,,X,,2,,1,,,,,,3,,,,,,X,,X,X,,,,,,X,X,,,,,,X,,,,,,,X,"This power adds cards to the wetland’s draw card(s) action, but it has a cost. The next player may start their turn while you are deciding which card(s) to discard.",255,"You may perform an action even if it precludes you from performing an action required at the end of your turn (e.g., discarding a [card] from your hand at the end of a turn in which you activated the <strong applink=""/card/31"">Black Tern</strong>'s power).",https://www.facebook.com/groups/wingspanboardgame/permalink/397335327636742/?comment_id=397350010968607,"If you perform more than one action <i>""at the end of your turn""</i>, you may perform those actions in any order.",https://www.facebook.com/groups/wingspanboardgame/permalink/414814145888860/?comment_id=415023839201224&reply_comment_id=415302489173359,,,"Whenever you are entitled to gain resources, you may choose to take some but not all of the quantity specified.",https://www.stonemaiergames.com/games/wingspan/rules/#comment-37710,,,,,,,,,,,,,,
Wood Stork,Mycteria americana,originalcore,White,Other,Draw 2 new bonus cards and keep 1.,,,X,6,Platform,2,155,,,X,,,1,,1,,1,,,3,,,,,,,,,X,,,X,,,X,,X,,X,,X,,X,,,X,X,X,,"Draw two goal cards, pick the one you want to keep, and discard the other. If the deck of goal cards is ever exhausted, shuffle the discards to form a new face-down deck. <br>The birds with this power are all threatened or endangered, or conservationists are concerned that they soon will be because of a declining trend in their population.",256,"Whenever you are entitled to gain resources, you may choose to take some but not all of the quantity specified.",https://www.stonemaiergames.com/games/wingspan/rules/#comment-37710,,,,,,,,,,,,,,,,,,,,
Wrybill,Anarhynchus frontalis,oceania,White,,Look through all discarded bonus cards. Keep 1 of them.,,,X,4,Ground,2,49,,,X,1,,1,,,,,,,2,X,,,,,,,,,X,,X,,,,,,,,,,,X,,,X,X,X,,The discard pile remains separate from the bonus deck.,357,,,,,,,,,,,,,,,,,,,,,,
Yellow Bittern,Ixobrychus sinensis,asia,Brown,,Draw the [card] in the middle slot of the bird tray.,,,,0,Platform,4,49,,,X,1,,,1,,,,,,1,,,,X,X,,,,,,,,,,,,,,X,,,X,X,,,,,,X,"Keep in mind: The cards in the card tray never slide to the left or right when a card is drawn from there. If the middle slot is empty, this bird has no effect.",446,"Whenever you are entitled to gain resources, you may choose to take some but not all of the quantity specified.",https://www.stonemaiergames.com/games/wingspan/rules/#comment-37710,,,,,,,,,,,,,,,,,,,,
Yellow-Bellied Sapsucker,Sphyrapicus varius,originalcore,Brown,Food from Supply,Gain 1 [invertebrate] from the supply.,,,,3,Cavity,3,41,X,,,1,,,1,,,,,,2,X,,,X,X,,,,,,,,,X,,X,,,,,,X,,,,,,,X,,257,You may only reroll dice when gaining food from the birdfeeder and not when gaining food from the supply.,https://www.boardgamegeek.com/thread/2208584/article/32288825#32288825,"Whenever you are entitled to gain resources, you may choose to take some but not all of the quantity specified.",https://www.stonemaiergames.com/games/wingspan/rules/#comment-37710,,,,,,,,,,,,,,,,,,
Yellow-Billed Cuckoo,Coccyzus americanus,originalcore,Pink,Egg-laying,"When another player takes the ""lay eggs"" action, this bird lays 1 [egg] on another bird with a [bowl] nest.",,,,5,Platform,2,46,X,,,2,,,,,,1,,,3,X,,,X,,,,,X,,,,,X,,,X,,X,,,,,,,X,,,X,"These birds are all nest parasites in the wild: they lay eggs in other birds’ nests. Cowbirds don’t even build their own nests. <br>When another player uses the [grassland] action to lay eggs, you may lay 1 egg. You may do this only once between your turns, no matter how many other players lay eggs. The cowbird can lay eggs on star nests.",258,You may use a pink power during another player's turn after your last turn of the game.,https://www.boardgamegeek.com/thread/2145421/article/31177235#31177235,"You may activate each <i>""once between turns""</i> power on a bird on your player mat once between each of your turns.",https://www.facebook.com/groups/wingspanboardgame/permalink/312352352801707/?comment_id=312354036134872&reply_comment_id=312437246126551,You may not use this bird's power to lay an [egg] on another player's bird.,https://www.boardgamegeek.com/thread/2146296/article/33747572#33747572,You may not use a pink power during your turn (when an opponent performs an action that would otherwise enable using such a power).,https://www.facebook.com/groups/wingspanboardgame/permalink/499161054120835/?comment_id=499167897453484,"If a pink power is triggered by a player using the <i>""gain food""</i>, <i>""lay eggs""</i>, or <i>""draw bird cards""</i> action, the pink power is resolved after the player collects the resources indicated on the player mat but before any brown powers in the corresponding row are activated. If a pink power is triggered by another bird's power, the pink power is resolved after the other bird's power has been resolved.",https://www.boardgamegeek.com/thread/2397920/article/34412077#34412077,"Whenever you are entitled to gain resources, you may choose to take some but not all of the quantity specified.",https://www.stonemaiergames.com/games/wingspan/rules/#comment-37710,,,,,,,,,,
Yellow-Breasted Chat,Icteria virens,originalcore,Brown,Other,"If this bird is to the right of all other birds in its habitat, move it to another habitat.",,,,5,Bowl,3,25,X,X,X,1,,,2,,,,,,3,X,,,X,,X,,,X,,,,,,,,,X,,,,X,,X,,,,,X,"These birds are all able to live in a variety of habitats, and their power is to move from habitat to habitat—but only if they’re the last bird in that row. (They can be in any column.) This can be powerful for increasing your abilities in multiple habitats, and for scoring on end-of-round goals. Be careful not to play another bird to the right of one of these cards, or you won’t be able to use its power!",259,,,,,"When using this bird's power to move this bird to another habitat, the action cube does not change habitats with it.",https://www.stonemaiergames.com/games/wingspan/rules/,,,,,,,,,,,,,,,,
Yellow-Headed Blackbird,Xanthocephalus xanthocephalus,originalcore,Brown,Flocking,"Tuck a [card] from your hand behind this bird. If you do, also lay 1 [egg] on this bird.",,X,,4,Bowl,3,38,,,X,1,1,,,,,,,,2,X,,,X,,,X,X,,,,,,,,,,,,,,,X,X,,,,,X,"These birds all allow you to tuck a card from your hand for a point, then gain some additional benefit (lay an egg, draw a card, or gain a food). You can only gain the benefit if you first tuck a card from your hand.",260,"Whenever you are entitled to gain resources, you may choose to take some but not all of the quantity specified.",https://www.stonemaiergames.com/games/wingspan/rules/#comment-37710,,,"If this bird already has the maximum number of [egg] on it, you may still use its power to tuck a [card].",https://www.boardgamegeek.com/thread/2144148/article/31158388#31158388,,,,,,,,,,,,,,,,
Yellow-Rumped Warbler,Setophaga coronata,originalcore,Brown,Flocking,"Tuck a [card] from your hand behind this bird. If you do, draw 1 [card].",,X,,1,Bowl,4,23,X,,,1,1,,1,,,,X,,1,X,,,X,X,,X,X,,,,,,X,,,,X,,,,X,,X,,,,,X,"These birds all allow you to tuck a card from your hand for a point, then gain some additional benefit (lay an egg, draw a card, or gain a food). You can only gain the benefit if you first tuck a card from your hand.",261,"Whenever you are entitled to gain resources, you may choose to take some but not all of the quantity specified.",https://www.stonemaiergames.com/games/wingspan/rules/#comment-37710,,,,,,,,,,,,,,,,,,,,
Yellowhammer,Emberiza citrinella,european,Teal,Other,"If you used all 4 types of actions this round, play another bird. Pay its normal food and egg cost.",,,,2,Ground,3,26,X,X,,,2,,,,,,,,2,,,,X,X,X,,X,,X,,,,,,,,X,,,,,,,,,,X,,"If the additional bird has a “when played” power, it is triggered when the bird is played. If the extra bird has a “round end” power, it is triggered when the bird is played.",262,"You may substitute 2 [wild] for any 1 food in a bird's food cost whenever you play a bird, including outside the scope of the <i>""play a bird""</i> action.",https://www.facebook.com/groups/wingspanboardgame/?post_id=592455651458041&comment_id=592685648101708&reply_comment_id=592771751426431,,,"If you use this bird's power to play another bird with a teal power, you may resolve that power at any point among your other remaining teal powers.",https://www.boardgamegeek.com/thread/2324875/article/33515239#33515239,,,,,,,,,,,,,,,,
Zebra Dove,Geopelia striata,asia,Brown,,All players may discard 1 [seed] from their supply to lay 1 [egg].,,,,4,Platform,4,25,,X,,,1,,,,,,,,1,,,,,,,,X,,,,,,,,,,X,X,X,,,,,,,,,X,If you discard a [seed] you may lay the [egg] on any bird not necessarily on the Zebra Dove itself.,447,"<i>""Discarding""</i> food while resolving a bird power counts as <i>""spending""</i>.",https://www.discord.com/channels/608588053052653580/693358238439047229/778341560205967380,"Whenever you are entitled to gain resources, you may choose to take some but not all of the quantity specified.",https://www.stonemaiergames.com/games/wingspan/rules/#comment-37710,,,,,,,,,,,,,,,,,,